audit_key,field,scenario_id,well_label,component_scope,wbs_level,wbs_id,wbs_desc,estimate_usd,uncertainty_pct,uncertainty_type,estimation_method,source_field_campaign_years,source_wells,source_row_count,support_explanation,synthetic_rows_used,external_adjustment_applied,reconciliation_group,source_row_ids
2b64e54c663676b7,SALAK,SALAK_2026_2w,Well-1,direct_well_linked,L5,Asset Transfer,Asset Transfer,0.000000,71.7075,empirical_spread,unit_price_benchmark_allocated_to_anchor_cost_family,SALAK_2025,"AWI 2-6, AWI 2-7 ML, AWI 21-7, AWI 21-8, AWI 23-1, AWI 23-2, AWI 3-9, AWI 9-10 RD",8,"Direct well benchmark allocated by anchor-year cost-family distribution. active_day_rate=154338.41 USD/day, estimated_days=22.60, depth_rate=151.65 USD/ft, depth_ft=7000, per_well_job=0.00 USD/well.",0,yes,SALAK_2026_2w,"20260422_Data for Dashboard.xlsx|Structured.Cost|863, 20260422_Data for Dashboard.xlsx|Structured.Cost|864, 20260422_Data for Dashboard.xlsx|Structured.Cost|865, 20260422_Data for Dashboard.xlsx|Structured.Cost|866, 20260422_Data for Dashboard.xlsx|Structured.Cost|867, 20260422_Data for Dashboard.xlsx|Structured.Cost|868, 20260422_Data for Dashboard.xlsx|Structured.Cost|869, 20260422_Data for Dashboard.xlsx|Structured.Cost|870"
b8aa24b5b063fd56,SALAK,SALAK_2026_2w,Well-1,direct_well_linked,L5,Casing,Casing,875456.549968,71.7075,empirical_spread,unit_price_benchmark_allocated_to_anchor_cost_family,"SALAK_2021, SALAK_2025","AWI 16-8, AWI 16-9, AWI 2-6, AWI 2-7 ML, AWI 21-5, AWI 21-6, AWI 21-7, AWI 21-8, AWI 23-1, AWI 23-2",12,"Direct well benchmark allocated by anchor-year cost-family distribution. active_day_rate=154338.41 USD/day, estimated_days=22.60, depth_rate=151.65 USD/ft, depth_ft=7000, per_well_job=0.00 USD/well.",0,yes,SALAK_2026_2w,"20260422_Data for Dashboard.xlsx|Structured.Cost|386, 20260422_Data for Dashboard.xlsx|Structured.Cost|387, 20260422_Data for Dashboard.xlsx|Structured.Cost|388, 20260422_Data for Dashboard.xlsx|Structured.Cost|389, 20260422_Data for Dashboard.xlsx|Structured.Cost|872, 20260422_Data for Dashboard.xlsx|Structured.Cost|873, 20260422_Data for Dashboard.xlsx|Structured.Cost|874, 20260422_Data for Dashboard.xlsx|Structured.Cost|875, 20260422_Data for Dashboard.xlsx|Structured.Cost|876, 20260422_Data for Dashboard.xlsx|Structured.Cost|877, 20260422_Data for Dashboard.xlsx|Structured.Cost|878, 20260422_Data for Dashboard.xlsx|Structured.Cost|879"
f43073078dbe705e,SALAK,SALAK_2026_2w,Well-1,direct_well_linked,L5,Casing Repair & Modif,Casing Repair & Modif,21418.227147,71.7075,empirical_spread,unit_price_benchmark_allocated_to_anchor_cost_family,SALAK_2025,"AWI 2-6, AWI 2-7 ML, AWI 21-7, AWI 21-8, AWI 23-1, AWI 23-2, AWI 3-9, AWI 9-10 RD",8,"Direct well benchmark allocated by anchor-year cost-family distribution. active_day_rate=154338.41 USD/day, estimated_days=22.60, depth_rate=151.65 USD/ft, depth_ft=7000, per_well_job=0.00 USD/well.",0,yes,SALAK_2026_2w,"20260422_Data for Dashboard.xlsx|Structured.Cost|881, 20260422_Data for Dashboard.xlsx|Structured.Cost|882, 20260422_Data for Dashboard.xlsx|Structured.Cost|883, 20260422_Data for Dashboard.xlsx|Structured.Cost|884, 20260422_Data for Dashboard.xlsx|Structured.Cost|885, 20260422_Data for Dashboard.xlsx|Structured.Cost|886, 20260422_Data for Dashboard.xlsx|Structured.Cost|887, 20260422_Data for Dashboard.xlsx|Structured.Cost|888"
28056a1645656ec7,SALAK,SALAK_2026_2w,Well-1,direct_well_linked,L5,Fuel & Lubricants,Fuel & Lubricants,252860.918159,71.7075,empirical_spread,unit_price_benchmark_allocated_to_anchor_cost_family,"SALAK_2021, SALAK_2025","AWI 16-8, AWI 16-9, AWI 2-6, AWI 2-7 ML, AWI 21-5, AWI 21-6, AWI 21-7, AWI 21-8, AWI 23-1, AWI 23-2",12,"Direct well benchmark allocated by anchor-year cost-family distribution. active_day_rate=154338.41 USD/day, estimated_days=22.60, depth_rate=151.65 USD/ft, depth_ft=7000, per_well_job=0.00 USD/well.",0,yes,SALAK_2026_2w,"20260422_Data for Dashboard.xlsx|Structured.Cost|391, 20260422_Data for Dashboard.xlsx|Structured.Cost|392, 20260422_Data for Dashboard.xlsx|Structured.Cost|393, 20260422_Data for Dashboard.xlsx|Structured.Cost|394, 20260422_Data for Dashboard.xlsx|Structured.Cost|890, 20260422_Data for Dashboard.xlsx|Structured.Cost|891, 20260422_Data for Dashboard.xlsx|Structured.Cost|892, 20260422_Data for Dashboard.xlsx|Structured.Cost|893, 20260422_Data for Dashboard.xlsx|Structured.Cost|894, 20260422_Data for Dashboard.xlsx|Structured.Cost|895, 20260422_Data for Dashboard.xlsx|Structured.Cost|896, 20260422_Data for Dashboard.xlsx|Structured.Cost|897"
6d82ff2db1a4664e,SALAK,SALAK_2026_2w,Well-1,direct_well_linked,L5,Well Equipment Surface,Well Equipment Surface,95467.116081,71.7075,empirical_spread,unit_price_benchmark_allocated_to_anchor_cost_family,"SALAK_2021, SALAK_2025","AWI 16-8, AWI 16-9, AWI 2-6, AWI 2-7 ML, AWI 21-5, AWI 21-6, AWI 21-7, AWI 21-8, AWI 23-1, AWI 23-2",12,"Direct well benchmark allocated by anchor-year cost-family distribution. active_day_rate=154338.41 USD/day, estimated_days=22.60, depth_rate=151.65 USD/ft, depth_ft=7000, per_well_job=0.00 USD/well.",0,yes,SALAK_2026_2w,"20260422_Data for Dashboard.xlsx|Structured.Cost|398, 20260422_Data for Dashboard.xlsx|Structured.Cost|399, 20260422_Data for Dashboard.xlsx|Structured.Cost|400, 20260422_Data for Dashboard.xlsx|Structured.Cost|401, 20260422_Data for Dashboard.xlsx|Structured.Cost|899, 20260422_Data for Dashboard.xlsx|Structured.Cost|900, 20260422_Data for Dashboard.xlsx|Structured.Cost|901, 20260422_Data for Dashboard.xlsx|Structured.Cost|902, 20260422_Data for Dashboard.xlsx|Structured.Cost|903, 20260422_Data for Dashboard.xlsx|Structured.Cost|904, 20260422_Data for Dashboard.xlsx|Structured.Cost|905, 20260422_Data for Dashboard.xlsx|Structured.Cost|906"
78b9b710bcf10b52,SALAK,SALAK_2026_2w,Well-1,direct_well_linked,L5,Consumables,Consumables,19869.576057,71.7075,empirical_spread,unit_price_benchmark_allocated_to_anchor_cost_family,SALAK_2025,"AWI 2-6, AWI 2-7 ML, AWI 21-7, AWI 21-8, AWI 23-1, AWI 23-2, AWI 3-9, AWI 9-10 RD",8,"Direct well benchmark allocated by anchor-year cost-family distribution. active_day_rate=154338.41 USD/day, estimated_days=22.60, depth_rate=151.65 USD/ft, depth_ft=7000, per_well_job=0.00 USD/well.",0,yes,SALAK_2026_2w,"20260422_Data for Dashboard.xlsx|Structured.Cost|908, 20260422_Data for Dashboard.xlsx|Structured.Cost|909, 20260422_Data for Dashboard.xlsx|Structured.Cost|910, 20260422_Data for Dashboard.xlsx|Structured.Cost|911, 20260422_Data for Dashboard.xlsx|Structured.Cost|912, 20260422_Data for Dashboard.xlsx|Structured.Cost|913, 20260422_Data for Dashboard.xlsx|Structured.Cost|914, 20260422_Data for Dashboard.xlsx|Structured.Cost|915"
e44638f5e73268cb,SALAK,SALAK_2026_2w,Well-1,direct_well_linked,L5,API non API Machine Shop Service,API non API Machine Shop Service,25195.344762,71.7075,empirical_spread,unit_price_benchmark_allocated_to_anchor_cost_family,SALAK_2025,"AWI 2-6, AWI 2-7 ML, AWI 21-7, AWI 21-8, AWI 23-1, AWI 23-2, AWI 3-9, AWI 9-10 RD",8,"Direct well benchmark allocated by anchor-year cost-family distribution. active_day_rate=154338.41 USD/day, estimated_days=22.60, depth_rate=151.65 USD/ft, depth_ft=7000, per_well_job=0.00 USD/well.",0,yes,SALAK_2026_2w,"20260422_Data for Dashboard.xlsx|Structured.Cost|917, 20260422_Data for Dashboard.xlsx|Structured.Cost|918, 20260422_Data for Dashboard.xlsx|Structured.Cost|919, 20260422_Data for Dashboard.xlsx|Structured.Cost|920, 20260422_Data for Dashboard.xlsx|Structured.Cost|921, 20260422_Data for Dashboard.xlsx|Structured.Cost|922, 20260422_Data for Dashboard.xlsx|Structured.Cost|923, 20260422_Data for Dashboard.xlsx|Structured.Cost|924"
b4ab71bb5cf61c66,SALAK,SALAK_2026_2w,Well-1,direct_well_linked,L5,"Bits, Reamer and Core heads","Bits, Reamer and Core heads",213165.471778,71.7075,empirical_spread,unit_price_benchmark_allocated_to_anchor_cost_family,"SALAK_2021, SALAK_2025","AWI 16-8, AWI 16-9, AWI 2-6, AWI 2-7 ML, AWI 21-5, AWI 21-6, AWI 21-7, AWI 21-8, AWI 23-1, AWI 23-2",12,"Direct well benchmark allocated by anchor-year cost-family distribution. active_day_rate=154338.41 USD/day, estimated_days=22.60, depth_rate=151.65 USD/ft, depth_ft=7000, per_well_job=0.00 USD/well.",0,yes,SALAK_2026_2w,"20260422_Data for Dashboard.xlsx|Structured.Cost|403, 20260422_Data for Dashboard.xlsx|Structured.Cost|404, 20260422_Data for Dashboard.xlsx|Structured.Cost|405, 20260422_Data for Dashboard.xlsx|Structured.Cost|406, 20260422_Data for Dashboard.xlsx|Structured.Cost|926, 20260422_Data for Dashboard.xlsx|Structured.Cost|927, 20260422_Data for Dashboard.xlsx|Structured.Cost|928, 20260422_Data for Dashboard.xlsx|Structured.Cost|929, 20260422_Data for Dashboard.xlsx|Structured.Cost|930, 20260422_Data for Dashboard.xlsx|Structured.Cost|931, 20260422_Data for Dashboard.xlsx|Structured.Cost|932, 20260422_Data for Dashboard.xlsx|Structured.Cost|933"
125c527a1b215d14,SALAK,SALAK_2026_2w,Well-1,direct_well_linked,L5,Casing Installation,Casing Installation,73564.468349,71.7075,empirical_spread,unit_price_benchmark_allocated_to_anchor_cost_family,"SALAK_2021, SALAK_2025","AWI 16-8, AWI 16-9, AWI 2-6, AWI 2-7 ML, AWI 21-5, AWI 21-6, AWI 21-7, AWI 21-8, AWI 23-1, AWI 23-2",12,"Direct well benchmark allocated by anchor-year cost-family distribution. active_day_rate=154338.41 USD/day, estimated_days=22.60, depth_rate=151.65 USD/ft, depth_ft=7000, per_well_job=0.00 USD/well.",0,yes,SALAK_2026_2w,"20260422_Data for Dashboard.xlsx|Structured.Cost|408, 20260422_Data for Dashboard.xlsx|Structured.Cost|409, 20260422_Data for Dashboard.xlsx|Structured.Cost|410, 20260422_Data for Dashboard.xlsx|Structured.Cost|411, 20260422_Data for Dashboard.xlsx|Structured.Cost|935, 20260422_Data for Dashboard.xlsx|Structured.Cost|936, 20260422_Data for Dashboard.xlsx|Structured.Cost|937, 20260422_Data for Dashboard.xlsx|Structured.Cost|938, 20260422_Data for Dashboard.xlsx|Structured.Cost|939, 20260422_Data for Dashboard.xlsx|Structured.Cost|940, 20260422_Data for Dashboard.xlsx|Structured.Cost|941, 20260422_Data for Dashboard.xlsx|Structured.Cost|942"
dd42f452eee5a473,SALAK,SALAK_2026_2w,Well-1,direct_well_linked,L5,"Cement, Cementing & Pump Fees","Cement, Cementing & Pump Fees",614161.259701,71.7075,empirical_spread,unit_price_benchmark_allocated_to_anchor_cost_family,"SALAK_2021, SALAK_2025","AWI 16-8, AWI 16-9, AWI 2-6, AWI 2-7 ML, AWI 21-5, AWI 21-6, AWI 21-7, AWI 21-8, AWI 23-1, AWI 23-2",12,"Direct well benchmark allocated by anchor-year cost-family distribution. active_day_rate=154338.41 USD/day, estimated_days=22.60, depth_rate=151.65 USD/ft, depth_ft=7000, per_well_job=0.00 USD/well.",0,yes,SALAK_2026_2w,"20260422_Data for Dashboard.xlsx|Structured.Cost|413, 20260422_Data for Dashboard.xlsx|Structured.Cost|414, 20260422_Data for Dashboard.xlsx|Structured.Cost|415, 20260422_Data for Dashboard.xlsx|Structured.Cost|416, 20260422_Data for Dashboard.xlsx|Structured.Cost|944, 20260422_Data for Dashboard.xlsx|Structured.Cost|945, 20260422_Data for Dashboard.xlsx|Structured.Cost|946, 20260422_Data for Dashboard.xlsx|Structured.Cost|947, 20260422_Data for Dashboard.xlsx|Structured.Cost|948, 20260422_Data for Dashboard.xlsx|Structured.Cost|949, 20260422_Data for Dashboard.xlsx|Structured.Cost|950, 20260422_Data for Dashboard.xlsx|Structured.Cost|951"
8e44c53d10f3845e,SALAK,SALAK_2026_2w,Well-1,direct_well_linked,L5,Contract Rig,Contract Rig,462241.648698,71.7075,empirical_spread,unit_price_benchmark_allocated_to_anchor_cost_family,"SALAK_2021, SALAK_2025","AWI 16-8, AWI 16-9, AWI 2-6, AWI 2-7 ML, AWI 21-5, AWI 21-6, AWI 21-7, AWI 21-8, AWI 23-1, AWI 23-2",12,"Direct well benchmark allocated by anchor-year cost-family distribution. active_day_rate=154338.41 USD/day, estimated_days=22.60, depth_rate=151.65 USD/ft, depth_ft=7000, per_well_job=0.00 USD/well.",0,yes,SALAK_2026_2w,"20260422_Data for Dashboard.xlsx|Structured.Cost|418, 20260422_Data for Dashboard.xlsx|Structured.Cost|419, 20260422_Data for Dashboard.xlsx|Structured.Cost|420, 20260422_Data for Dashboard.xlsx|Structured.Cost|421, 20260422_Data for Dashboard.xlsx|Structured.Cost|953, 20260422_Data for Dashboard.xlsx|Structured.Cost|954, 20260422_Data for Dashboard.xlsx|Structured.Cost|955, 20260422_Data for Dashboard.xlsx|Structured.Cost|956, 20260422_Data for Dashboard.xlsx|Structured.Cost|957, 20260422_Data for Dashboard.xlsx|Structured.Cost|958, 20260422_Data for Dashboard.xlsx|Structured.Cost|959, 20260422_Data for Dashboard.xlsx|Structured.Cost|960"
d6aa3cfbf316bf18,SALAK,SALAK_2026_2w,Well-1,direct_well_linked,L5,Coring,Coring,0.000000,71.7075,empirical_spread,unit_price_benchmark_allocated_to_anchor_cost_family,SALAK_2025,"AWI 2-6, AWI 2-7 ML, AWI 21-7, AWI 21-8, AWI 23-1, AWI 23-2, AWI 3-9, AWI 9-10 RD",8,"Direct well benchmark allocated by anchor-year cost-family distribution. active_day_rate=154338.41 USD/day, estimated_days=22.60, depth_rate=151.65 USD/ft, depth_ft=7000, per_well_job=0.00 USD/well.",0,yes,SALAK_2026_2w,"20260422_Data for Dashboard.xlsx|Structured.Cost|962, 20260422_Data for Dashboard.xlsx|Structured.Cost|963, 20260422_Data for Dashboard.xlsx|Structured.Cost|964, 20260422_Data for Dashboard.xlsx|Structured.Cost|965, 20260422_Data for Dashboard.xlsx|Structured.Cost|966, 20260422_Data for Dashboard.xlsx|Structured.Cost|967, 20260422_Data for Dashboard.xlsx|Structured.Cost|968, 20260422_Data for Dashboard.xlsx|Structured.Cost|969"
58d14fe2900cd0ec,SALAK,SALAK_2026_2w,Well-1,direct_well_linked,L5,Directional Drilling & Surveys,Directional Drilling & Surveys,424238.991941,71.7075,empirical_spread,unit_price_benchmark_allocated_to_anchor_cost_family,"SALAK_2021, SALAK_2025","AWI 16-8, AWI 16-9, AWI 2-6, AWI 2-7 ML, AWI 21-5, AWI 21-6, AWI 21-7, AWI 21-8, AWI 23-1, AWI 23-2",12,"Direct well benchmark allocated by anchor-year cost-family distribution. active_day_rate=154338.41 USD/day, estimated_days=22.60, depth_rate=151.65 USD/ft, depth_ft=7000, per_well_job=0.00 USD/well.",0,yes,SALAK_2026_2w,"20260422_Data for Dashboard.xlsx|Structured.Cost|423, 20260422_Data for Dashboard.xlsx|Structured.Cost|424, 20260422_Data for Dashboard.xlsx|Structured.Cost|425, 20260422_Data for Dashboard.xlsx|Structured.Cost|426, 20260422_Data for Dashboard.xlsx|Structured.Cost|971, 20260422_Data for Dashboard.xlsx|Structured.Cost|972, 20260422_Data for Dashboard.xlsx|Structured.Cost|973, 20260422_Data for Dashboard.xlsx|Structured.Cost|974, 20260422_Data for Dashboard.xlsx|Structured.Cost|975, 20260422_Data for Dashboard.xlsx|Structured.Cost|976, 20260422_Data for Dashboard.xlsx|Structured.Cost|977, 20260422_Data for Dashboard.xlsx|Structured.Cost|978"
f18682f1aa6c9c1f,SALAK,SALAK_2026_2w,Well-1,direct_well_linked,L5,Drilling Rig O&M,Drilling Rig O&M,623689.725010,71.7075,empirical_spread,unit_price_benchmark_allocated_to_anchor_cost_family,SALAK_2025,"AWI 2-6, AWI 2-7 ML, AWI 21-7, AWI 21-8, AWI 23-1, AWI 23-2, AWI 3-9, AWI 9-10 RD",8,"Direct well benchmark allocated by anchor-year cost-family distribution. active_day_rate=154338.41 USD/day, estimated_days=22.60, depth_rate=151.65 USD/ft, depth_ft=7000, per_well_job=0.00 USD/well.",0,yes,SALAK_2026_2w,"20260422_Data for Dashboard.xlsx|Structured.Cost|980, 20260422_Data for Dashboard.xlsx|Structured.Cost|981, 20260422_Data for Dashboard.xlsx|Structured.Cost|982, 20260422_Data for Dashboard.xlsx|Structured.Cost|983, 20260422_Data for Dashboard.xlsx|Structured.Cost|984, 20260422_Data for Dashboard.xlsx|Structured.Cost|985, 20260422_Data for Dashboard.xlsx|Structured.Cost|986, 20260422_Data for Dashboard.xlsx|Structured.Cost|987"
d854bdbef0d72498,SALAK,SALAK_2026_2w,Well-1,direct_well_linked,L5,"Drilling Safety, Health & Environment","Drilling Safety, Health & Environment",9911.793901,71.7075,empirical_spread,unit_price_benchmark_allocated_to_anchor_cost_family,"SALAK_2021, SALAK_2025","AWI 16-8, AWI 16-9, AWI 2-6, AWI 2-7 ML, AWI 21-5, AWI 21-7, AWI 21-8, AWI 23-1, AWI 23-2, AWI 3-9",11,"Direct well benchmark allocated by anchor-year cost-family distribution. active_day_rate=154338.41 USD/day, estimated_days=22.60, depth_rate=151.65 USD/ft, depth_ft=7000, per_well_job=0.00 USD/well.",0,yes,SALAK_2026_2w,"20260422_Data for Dashboard.xlsx|Structured.Cost|428, 20260422_Data for Dashboard.xlsx|Structured.Cost|429, 20260422_Data for Dashboard.xlsx|Structured.Cost|430, 20260422_Data for Dashboard.xlsx|Structured.Cost|989, 20260422_Data for Dashboard.xlsx|Structured.Cost|990, 20260422_Data for Dashboard.xlsx|Structured.Cost|991, 20260422_Data for Dashboard.xlsx|Structured.Cost|992, 20260422_Data for Dashboard.xlsx|Structured.Cost|993, 20260422_Data for Dashboard.xlsx|Structured.Cost|994, 20260422_Data for Dashboard.xlsx|Structured.Cost|995, 20260422_Data for Dashboard.xlsx|Structured.Cost|996"
9664f458a8a23ee7,SALAK,SALAK_2026_2w,Well-1,direct_well_linked,L5,Equipment Rental,Equipment Rental,354117.640657,71.7075,empirical_spread,unit_price_benchmark_allocated_to_anchor_cost_family,"SALAK_2021, SALAK_2025","AWI 16-8, AWI 16-9, AWI 2-6, AWI 2-7 ML, AWI 21-5, AWI 21-6, AWI 21-7, AWI 21-8, AWI 23-1, AWI 23-2",12,"Direct well benchmark allocated by anchor-year cost-family distribution. active_day_rate=154338.41 USD/day, estimated_days=22.60, depth_rate=151.65 USD/ft, depth_ft=7000, per_well_job=0.00 USD/well.",0,yes,SALAK_2026_2w,"20260422_Data for Dashboard.xlsx|Structured.Cost|1000, 20260422_Data for Dashboard.xlsx|Structured.Cost|1001, 20260422_Data for Dashboard.xlsx|Structured.Cost|1002, 20260422_Data for Dashboard.xlsx|Structured.Cost|1003, 20260422_Data for Dashboard.xlsx|Structured.Cost|1004, 20260422_Data for Dashboard.xlsx|Structured.Cost|1005, 20260422_Data for Dashboard.xlsx|Structured.Cost|432, 20260422_Data for Dashboard.xlsx|Structured.Cost|433, 20260422_Data for Dashboard.xlsx|Structured.Cost|434, 20260422_Data for Dashboard.xlsx|Structured.Cost|435, 20260422_Data for Dashboard.xlsx|Structured.Cost|998, 20260422_Data for Dashboard.xlsx|Structured.Cost|999"
2b917ee76a8ba715,SALAK,SALAK_2026_2w,Well-1,direct_well_linked,L5,Explosive Handling & Permitting,Explosive Handling & Permitting,10296.338620,71.7075,empirical_spread,unit_price_benchmark_allocated_to_anchor_cost_family,SALAK_2025,"AWI 2-6, AWI 2-7 ML, AWI 21-7, AWI 21-8, AWI 23-1, AWI 23-2, AWI 3-9, AWI 9-10 RD",8,"Direct well benchmark allocated by anchor-year cost-family distribution. active_day_rate=154338.41 USD/day, estimated_days=22.60, depth_rate=151.65 USD/ft, depth_ft=7000, per_well_job=0.00 USD/well.",0,yes,SALAK_2026_2w,"20260422_Data for Dashboard.xlsx|Structured.Cost|1007, 20260422_Data for Dashboard.xlsx|Structured.Cost|1008, 20260422_Data for Dashboard.xlsx|Structured.Cost|1009, 20260422_Data for Dashboard.xlsx|Structured.Cost|1010, 20260422_Data for Dashboard.xlsx|Structured.Cost|1011, 20260422_Data for Dashboard.xlsx|Structured.Cost|1012, 20260422_Data for Dashboard.xlsx|Structured.Cost|1013, 20260422_Data for Dashboard.xlsx|Structured.Cost|1014"
ba14237c7df2b851,SALAK,SALAK_2026_2w,Well-1,direct_well_linked,L5,Land Transportation,Land Transportation,140889.169442,71.7075,empirical_spread,unit_price_benchmark_allocated_to_anchor_cost_family,"SALAK_2021, SALAK_2025","AWI 16-8, AWI 16-9, AWI 2-6, AWI 2-7 ML, AWI 21-5, AWI 21-6, AWI 21-7, AWI 21-8, AWI 23-1, AWI 23-2",12,"Direct well benchmark allocated by anchor-year cost-family distribution. active_day_rate=154338.41 USD/day, estimated_days=22.60, depth_rate=151.65 USD/ft, depth_ft=7000, per_well_job=0.00 USD/well.",0,yes,SALAK_2026_2w,"20260422_Data for Dashboard.xlsx|Structured.Cost|1016, 20260422_Data for Dashboard.xlsx|Structured.Cost|1017, 20260422_Data for Dashboard.xlsx|Structured.Cost|1018, 20260422_Data for Dashboard.xlsx|Structured.Cost|1019, 20260422_Data for Dashboard.xlsx|Structured.Cost|1020, 20260422_Data for Dashboard.xlsx|Structured.Cost|1021, 20260422_Data for Dashboard.xlsx|Structured.Cost|1022, 20260422_Data for Dashboard.xlsx|Structured.Cost|1023, 20260422_Data for Dashboard.xlsx|Structured.Cost|437, 20260422_Data for Dashboard.xlsx|Structured.Cost|438, 20260422_Data for Dashboard.xlsx|Structured.Cost|439, 20260422_Data for Dashboard.xlsx|Structured.Cost|440"
e24bb4ad4bded93e,SALAK,SALAK_2026_2w,Well-1,direct_well_linked,L5,Mud Logging Service,Mud Logging Service,52947.665763,71.7075,empirical_spread,unit_price_benchmark_allocated_to_anchor_cost_family,"SALAK_2021, SALAK_2025","AWI 16-8, AWI 16-9, AWI 2-6, AWI 2-7 ML, AWI 21-5, AWI 21-6, AWI 21-7, AWI 21-8, AWI 23-1, AWI 23-2",12,"Direct well benchmark allocated by anchor-year cost-family distribution. active_day_rate=154338.41 USD/day, estimated_days=22.60, depth_rate=151.65 USD/ft, depth_ft=7000, per_well_job=0.00 USD/well.",0,yes,SALAK_2026_2w,"20260422_Data for Dashboard.xlsx|Structured.Cost|1025, 20260422_Data for Dashboard.xlsx|Structured.Cost|1026, 20260422_Data for Dashboard.xlsx|Structured.Cost|1027, 20260422_Data for Dashboard.xlsx|Structured.Cost|1028, 20260422_Data for Dashboard.xlsx|Structured.Cost|1029, 20260422_Data for Dashboard.xlsx|Structured.Cost|1030, 20260422_Data for Dashboard.xlsx|Structured.Cost|1031, 20260422_Data for Dashboard.xlsx|Structured.Cost|1032, 20260422_Data for Dashboard.xlsx|Structured.Cost|442, 20260422_Data for Dashboard.xlsx|Structured.Cost|443, 20260422_Data for Dashboard.xlsx|Structured.Cost|444, 20260422_Data for Dashboard.xlsx|Structured.Cost|445"
5d0a04b7455cb33b,SALAK,SALAK_2026_2w,Well-1,direct_well_linked,L5,"Mud, Chemical and Engineering Service","Mud, Chemical and Engineering Service",377925.862028,71.7075,empirical_spread,unit_price_benchmark_allocated_to_anchor_cost_family,"SALAK_2021, SALAK_2025","AWI 16-8, AWI 16-9, AWI 2-6, AWI 2-7 ML, AWI 21-5, AWI 21-6, AWI 21-7, AWI 21-8, AWI 23-1, AWI 23-2",12,"Direct well benchmark allocated by anchor-year cost-family distribution. active_day_rate=154338.41 USD/day, estimated_days=22.60, depth_rate=151.65 USD/ft, depth_ft=7000, per_well_job=0.00 USD/well.",0,yes,SALAK_2026_2w,"20260422_Data for Dashboard.xlsx|Structured.Cost|1034, 20260422_Data for Dashboard.xlsx|Structured.Cost|1035, 20260422_Data for Dashboard.xlsx|Structured.Cost|1036, 20260422_Data for Dashboard.xlsx|Structured.Cost|1037, 20260422_Data for Dashboard.xlsx|Structured.Cost|1038, 20260422_Data for Dashboard.xlsx|Structured.Cost|1039, 20260422_Data for Dashboard.xlsx|Structured.Cost|1040, 20260422_Data for Dashboard.xlsx|Structured.Cost|1041, 20260422_Data for Dashboard.xlsx|Structured.Cost|447, 20260422_Data for Dashboard.xlsx|Structured.Cost|448, 20260422_Data for Dashboard.xlsx|Structured.Cost|449, 20260422_Data for Dashboard.xlsx|Structured.Cost|450"
34d9a09058f73ea9,SALAK,SALAK_2026_2w,Well-1,direct_well_linked,L5,NDT Inspection,NDT Inspection,24667.673123,71.7075,empirical_spread,unit_price_benchmark_allocated_to_anchor_cost_family,SALAK_2025,"AWI 2-6, AWI 2-7 ML, AWI 21-7, AWI 21-8, AWI 23-1, AWI 23-2, AWI 3-9, AWI 9-10 RD",8,"Direct well benchmark allocated by anchor-year cost-family distribution. active_day_rate=154338.41 USD/day, estimated_days=22.60, depth_rate=151.65 USD/ft, depth_ft=7000, per_well_job=0.00 USD/well.",0,yes,SALAK_2026_2w,"20260422_Data for Dashboard.xlsx|Structured.Cost|1043, 20260422_Data for Dashboard.xlsx|Structured.Cost|1044, 20260422_Data for Dashboard.xlsx|Structured.Cost|1045, 20260422_Data for Dashboard.xlsx|Structured.Cost|1046, 20260422_Data for Dashboard.xlsx|Structured.Cost|1047, 20260422_Data for Dashboard.xlsx|Structured.Cost|1048, 20260422_Data for Dashboard.xlsx|Structured.Cost|1049, 20260422_Data for Dashboard.xlsx|Structured.Cost|1050"
ba56ffed172202bd,SALAK,SALAK_2026_2w,Well-1,direct_well_linked,L5,Open Hole Electrical Logging Service,Open Hole Electrical Logging Service,69936.477948,71.7075,empirical_spread,unit_price_benchmark_allocated_to_anchor_cost_family,SALAK_2025,"AWI 2-6, AWI 2-7 ML, AWI 21-7, AWI 21-8, AWI 23-1, AWI 23-2, AWI 3-9, AWI 9-10 RD",8,"Direct well benchmark allocated by anchor-year cost-family distribution. active_day_rate=154338.41 USD/day, estimated_days=22.60, depth_rate=151.65 USD/ft, depth_ft=7000, per_well_job=0.00 USD/well.",0,yes,SALAK_2026_2w,"20260422_Data for Dashboard.xlsx|Structured.Cost|1052, 20260422_Data for Dashboard.xlsx|Structured.Cost|1053, 20260422_Data for Dashboard.xlsx|Structured.Cost|1054, 20260422_Data for Dashboard.xlsx|Structured.Cost|1055, 20260422_Data for Dashboard.xlsx|Structured.Cost|1056, 20260422_Data for Dashboard.xlsx|Structured.Cost|1057, 20260422_Data for Dashboard.xlsx|Structured.Cost|1058, 20260422_Data for Dashboard.xlsx|Structured.Cost|1059"
c1b49554434d8ef0,SALAK,SALAK_2026_2w,Well-1,direct_well_linked,L5,Other Transportation,Other Transportation,0.000000,71.7075,empirical_spread,unit_price_benchmark_allocated_to_anchor_cost_family,"SALAK_2021, SALAK_2025","AWI 16-8, AWI 16-9, AWI 2-6, AWI 2-7 ML, AWI 21-5, AWI 21-6, AWI 21-7, AWI 21-8, AWI 23-1, AWI 23-2",12,"Direct well benchmark allocated by anchor-year cost-family distribution. active_day_rate=154338.41 USD/day, estimated_days=22.60, depth_rate=151.65 USD/ft, depth_ft=7000, per_well_job=0.00 USD/well.",0,yes,SALAK_2026_2w,"20260422_Data for Dashboard.xlsx|Structured.Cost|1061, 20260422_Data for Dashboard.xlsx|Structured.Cost|1062, 20260422_Data for Dashboard.xlsx|Structured.Cost|1063, 20260422_Data for Dashboard.xlsx|Structured.Cost|1064, 20260422_Data for Dashboard.xlsx|Structured.Cost|1065, 20260422_Data for Dashboard.xlsx|Structured.Cost|1066, 20260422_Data for Dashboard.xlsx|Structured.Cost|1067, 20260422_Data for Dashboard.xlsx|Structured.Cost|1068, 20260422_Data for Dashboard.xlsx|Structured.Cost|452, 20260422_Data for Dashboard.xlsx|Structured.Cost|453, 20260422_Data for Dashboard.xlsx|Structured.Cost|454, 20260422_Data for Dashboard.xlsx|Structured.Cost|455"
891eaa0929f2ca44,SALAK,SALAK_2026_2w,Well-1,direct_well_linked,L5,Rig Inspection,Rig Inspection,0.000000,71.7075,empirical_spread,unit_price_benchmark_allocated_to_anchor_cost_family,SALAK_2025,"AWI 2-6, AWI 2-7 ML, AWI 21-7, AWI 21-8, AWI 23-1, AWI 23-2, AWI 3-9, AWI 9-10 RD",8,"Direct well benchmark allocated by anchor-year cost-family distribution. active_day_rate=154338.41 USD/day, estimated_days=22.60, depth_rate=151.65 USD/ft, depth_ft=7000, per_well_job=0.00 USD/well.",0,yes,SALAK_2026_2w,"20260422_Data for Dashboard.xlsx|Structured.Cost|1070, 20260422_Data for Dashboard.xlsx|Structured.Cost|1071, 20260422_Data for Dashboard.xlsx|Structured.Cost|1072, 20260422_Data for Dashboard.xlsx|Structured.Cost|1073, 20260422_Data for Dashboard.xlsx|Structured.Cost|1074, 20260422_Data for Dashboard.xlsx|Structured.Cost|1075, 20260422_Data for Dashboard.xlsx|Structured.Cost|1076, 20260422_Data for Dashboard.xlsx|Structured.Cost|1077"
8b774e5113ac03bd,SALAK,SALAK_2026_2w,Well-1,direct_well_linked,L5,Service Lines & Communication,Service Lines & Communication,1089.310860,71.7075,empirical_spread,unit_price_benchmark_allocated_to_anchor_cost_family,"SALAK_2021, SALAK_2025","AWI 16-8, AWI 16-9, AWI 2-6, AWI 2-7 ML, AWI 21-5, AWI 21-6, AWI 21-7, AWI 21-8, AWI 23-1, AWI 23-2",12,"Direct well benchmark allocated by anchor-year cost-family distribution. active_day_rate=154338.41 USD/day, estimated_days=22.60, depth_rate=151.65 USD/ft, depth_ft=7000, per_well_job=0.00 USD/well.",0,yes,SALAK_2026_2w,"20260422_Data for Dashboard.xlsx|Structured.Cost|1079, 20260422_Data for Dashboard.xlsx|Structured.Cost|1080, 20260422_Data for Dashboard.xlsx|Structured.Cost|1081, 20260422_Data for Dashboard.xlsx|Structured.Cost|1082, 20260422_Data for Dashboard.xlsx|Structured.Cost|1083, 20260422_Data for Dashboard.xlsx|Structured.Cost|1084, 20260422_Data for Dashboard.xlsx|Structured.Cost|1085, 20260422_Data for Dashboard.xlsx|Structured.Cost|1086, 20260422_Data for Dashboard.xlsx|Structured.Cost|462, 20260422_Data for Dashboard.xlsx|Structured.Cost|463, 20260422_Data for Dashboard.xlsx|Structured.Cost|464, 20260422_Data for Dashboard.xlsx|Structured.Cost|465"
400ae46475df8496,SALAK,SALAK_2026_2w,Well-1,direct_well_linked,L5,Supervision,Supervision,66978.038936,71.7075,empirical_spread,unit_price_benchmark_allocated_to_anchor_cost_family,"SALAK_2021, SALAK_2025","AWI 16-8, AWI 16-9, AWI 2-6, AWI 2-7 ML, AWI 21-5, AWI 21-6, AWI 21-7, AWI 21-8, AWI 23-1, AWI 23-2",12,"Direct well benchmark allocated by anchor-year cost-family distribution. active_day_rate=154338.41 USD/day, estimated_days=22.60, depth_rate=151.65 USD/ft, depth_ft=7000, per_well_job=0.00 USD/well.",0,yes,SALAK_2026_2w,"20260422_Data for Dashboard.xlsx|Structured.Cost|1088, 20260422_Data for Dashboard.xlsx|Structured.Cost|1089, 20260422_Data for Dashboard.xlsx|Structured.Cost|1090, 20260422_Data for Dashboard.xlsx|Structured.Cost|1091, 20260422_Data for Dashboard.xlsx|Structured.Cost|1092, 20260422_Data for Dashboard.xlsx|Structured.Cost|1093, 20260422_Data for Dashboard.xlsx|Structured.Cost|1094, 20260422_Data for Dashboard.xlsx|Structured.Cost|1095, 20260422_Data for Dashboard.xlsx|Structured.Cost|467, 20260422_Data for Dashboard.xlsx|Structured.Cost|468, 20260422_Data for Dashboard.xlsx|Structured.Cost|469, 20260422_Data for Dashboard.xlsx|Structured.Cost|470"
6d6ebcd1fa460699,SALAK,SALAK_2026_2w,Well-1,direct_well_linked,L5,Vehicle Inspection,Vehicle Inspection,0.000000,71.7075,empirical_spread,unit_price_benchmark_allocated_to_anchor_cost_family,SALAK_2025,"AWI 2-6, AWI 2-7 ML, AWI 21-7, AWI 21-8, AWI 23-1, AWI 23-2, AWI 3-9, AWI 9-10 RD",8,"Direct well benchmark allocated by anchor-year cost-family distribution. active_day_rate=154338.41 USD/day, estimated_days=22.60, depth_rate=151.65 USD/ft, depth_ft=7000, per_well_job=0.00 USD/well.",0,yes,SALAK_2026_2w,"20260422_Data for Dashboard.xlsx|Structured.Cost|1097, 20260422_Data for Dashboard.xlsx|Structured.Cost|1098, 20260422_Data for Dashboard.xlsx|Structured.Cost|1099, 20260422_Data for Dashboard.xlsx|Structured.Cost|1100, 20260422_Data for Dashboard.xlsx|Structured.Cost|1101, 20260422_Data for Dashboard.xlsx|Structured.Cost|1102, 20260422_Data for Dashboard.xlsx|Structured.Cost|1103, 20260422_Data for Dashboard.xlsx|Structured.Cost|1104"
e88160335e60995a,SALAK,SALAK_2026_2w,Well-1,direct_well_linked,L5,Welding Service,Welding Service,0.000000,71.7075,empirical_spread,unit_price_benchmark_allocated_to_anchor_cost_family,SALAK_2025,"AWI 2-6, AWI 2-7 ML, AWI 21-7, AWI 21-8, AWI 23-1, AWI 23-2, AWI 3-9, AWI 9-10 RD",8,"Direct well benchmark allocated by anchor-year cost-family distribution. active_day_rate=154338.41 USD/day, estimated_days=22.60, depth_rate=151.65 USD/ft, depth_ft=7000, per_well_job=0.00 USD/well.",0,yes,SALAK_2026_2w,"20260422_Data for Dashboard.xlsx|Structured.Cost|1106, 20260422_Data for Dashboard.xlsx|Structured.Cost|1107, 20260422_Data for Dashboard.xlsx|Structured.Cost|1108, 20260422_Data for Dashboard.xlsx|Structured.Cost|1109, 20260422_Data for Dashboard.xlsx|Structured.Cost|1110, 20260422_Data for Dashboard.xlsx|Structured.Cost|1111, 20260422_Data for Dashboard.xlsx|Structured.Cost|1112, 20260422_Data for Dashboard.xlsx|Structured.Cost|1113"
50e4d2af3b93c4fe,SALAK,SALAK_2026_2w,Well-2,direct_well_linked,L5,Asset Transfer,Asset Transfer,0.000000,72.7393,empirical_spread,unit_price_benchmark_allocated_to_anchor_cost_family,SALAK_2025,"AWI 2-6, AWI 2-7 ML, AWI 21-7, AWI 21-8, AWI 23-1, AWI 23-2, AWI 3-9, AWI 9-10 RD",8,"Direct well benchmark allocated by anchor-year cost-family distribution. active_day_rate=154338.41 USD/day, estimated_days=32.48, depth_rate=151.65 USD/ft, depth_ft=8000, per_well_job=0.00 USD/well.",0,yes,SALAK_2026_2w,"20260422_Data for Dashboard.xlsx|Structured.Cost|863, 20260422_Data for Dashboard.xlsx|Structured.Cost|864, 20260422_Data for Dashboard.xlsx|Structured.Cost|865, 20260422_Data for Dashboard.xlsx|Structured.Cost|866, 20260422_Data for Dashboard.xlsx|Structured.Cost|867, 20260422_Data for Dashboard.xlsx|Structured.Cost|868, 20260422_Data for Dashboard.xlsx|Structured.Cost|869, 20260422_Data for Dashboard.xlsx|Structured.Cost|870"
779f25a4079f5f1f,SALAK,SALAK_2026_2w,Well-2,direct_well_linked,L5,Casing,Casing,1197548.148393,72.7393,empirical_spread,unit_price_benchmark_allocated_to_anchor_cost_family,"SALAK_2021, SALAK_2025","AWI 16-8, AWI 16-9, AWI 2-6, AWI 2-7 ML, AWI 21-5, AWI 21-6, AWI 21-7, AWI 21-8, AWI 23-1, AWI 23-2",12,"Direct well benchmark allocated by anchor-year cost-family distribution. active_day_rate=154338.41 USD/day, estimated_days=32.48, depth_rate=151.65 USD/ft, depth_ft=8000, per_well_job=0.00 USD/well.",0,yes,SALAK_2026_2w,"20260422_Data for Dashboard.xlsx|Structured.Cost|386, 20260422_Data for Dashboard.xlsx|Structured.Cost|387, 20260422_Data for Dashboard.xlsx|Structured.Cost|388, 20260422_Data for Dashboard.xlsx|Structured.Cost|389, 20260422_Data for Dashboard.xlsx|Structured.Cost|872, 20260422_Data for Dashboard.xlsx|Structured.Cost|873, 20260422_Data for Dashboard.xlsx|Structured.Cost|874, 20260422_Data for Dashboard.xlsx|Structured.Cost|875, 20260422_Data for Dashboard.xlsx|Structured.Cost|876, 20260422_Data for Dashboard.xlsx|Structured.Cost|877, 20260422_Data for Dashboard.xlsx|Structured.Cost|878, 20260422_Data for Dashboard.xlsx|Structured.Cost|879"
b03ee2cad8170651,SALAK,SALAK_2026_2w,Well-2,direct_well_linked,L5,Casing Repair & Modif,Casing Repair & Modif,29298.265303,72.7393,empirical_spread,unit_price_benchmark_allocated_to_anchor_cost_family,SALAK_2025,"AWI 2-6, AWI 2-7 ML, AWI 21-7, AWI 21-8, AWI 23-1, AWI 23-2, AWI 3-9, AWI 9-10 RD",8,"Direct well benchmark allocated by anchor-year cost-family distribution. active_day_rate=154338.41 USD/day, estimated_days=32.48, depth_rate=151.65 USD/ft, depth_ft=8000, per_well_job=0.00 USD/well.",0,yes,SALAK_2026_2w,"20260422_Data for Dashboard.xlsx|Structured.Cost|881, 20260422_Data for Dashboard.xlsx|Structured.Cost|882, 20260422_Data for Dashboard.xlsx|Structured.Cost|883, 20260422_Data for Dashboard.xlsx|Structured.Cost|884, 20260422_Data for Dashboard.xlsx|Structured.Cost|885, 20260422_Data for Dashboard.xlsx|Structured.Cost|886, 20260422_Data for Dashboard.xlsx|Structured.Cost|887, 20260422_Data for Dashboard.xlsx|Structured.Cost|888"
44c5d2b9558bf8d1,SALAK,SALAK_2026_2w,Well-2,direct_well_linked,L5,Fuel & Lubricants,Fuel & Lubricants,345891.665729,72.7393,empirical_spread,unit_price_benchmark_allocated_to_anchor_cost_family,"SALAK_2021, SALAK_2025","AWI 16-8, AWI 16-9, AWI 2-6, AWI 2-7 ML, AWI 21-5, AWI 21-6, AWI 21-7, AWI 21-8, AWI 23-1, AWI 23-2",12,"Direct well benchmark allocated by anchor-year cost-family distribution. active_day_rate=154338.41 USD/day, estimated_days=32.48, depth_rate=151.65 USD/ft, depth_ft=8000, per_well_job=0.00 USD/well.",0,yes,SALAK_2026_2w,"20260422_Data for Dashboard.xlsx|Structured.Cost|391, 20260422_Data for Dashboard.xlsx|Structured.Cost|392, 20260422_Data for Dashboard.xlsx|Structured.Cost|393, 20260422_Data for Dashboard.xlsx|Structured.Cost|394, 20260422_Data for Dashboard.xlsx|Structured.Cost|890, 20260422_Data for Dashboard.xlsx|Structured.Cost|891, 20260422_Data for Dashboard.xlsx|Structured.Cost|892, 20260422_Data for Dashboard.xlsx|Structured.Cost|893, 20260422_Data for Dashboard.xlsx|Structured.Cost|894, 20260422_Data for Dashboard.xlsx|Structured.Cost|895, 20260422_Data for Dashboard.xlsx|Structured.Cost|896, 20260422_Data for Dashboard.xlsx|Structured.Cost|897"
076818e27570b0a5,SALAK,SALAK_2026_2w,Well-2,direct_well_linked,L5,Well Equipment Surface,Well Equipment Surface,130590.682198,72.7393,empirical_spread,unit_price_benchmark_allocated_to_anchor_cost_family,"SALAK_2021, SALAK_2025","AWI 16-8, AWI 16-9, AWI 2-6, AWI 2-7 ML, AWI 21-5, AWI 21-6, AWI 21-7, AWI 21-8, AWI 23-1, AWI 23-2",12,"Direct well benchmark allocated by anchor-year cost-family distribution. active_day_rate=154338.41 USD/day, estimated_days=32.48, depth_rate=151.65 USD/ft, depth_ft=8000, per_well_job=0.00 USD/well.",0,yes,SALAK_2026_2w,"20260422_Data for Dashboard.xlsx|Structured.Cost|398, 20260422_Data for Dashboard.xlsx|Structured.Cost|399, 20260422_Data for Dashboard.xlsx|Structured.Cost|400, 20260422_Data for Dashboard.xlsx|Structured.Cost|401, 20260422_Data for Dashboard.xlsx|Structured.Cost|899, 20260422_Data for Dashboard.xlsx|Structured.Cost|900, 20260422_Data for Dashboard.xlsx|Structured.Cost|901, 20260422_Data for Dashboard.xlsx|Structured.Cost|902, 20260422_Data for Dashboard.xlsx|Structured.Cost|903, 20260422_Data for Dashboard.xlsx|Structured.Cost|904, 20260422_Data for Dashboard.xlsx|Structured.Cost|905, 20260422_Data for Dashboard.xlsx|Structured.Cost|906"
a5616e321969bd55,SALAK,SALAK_2026_2w,Well-2,direct_well_linked,L5,Consumables,Consumables,27179.845782,72.7393,empirical_spread,unit_price_benchmark_allocated_to_anchor_cost_family,SALAK_2025,"AWI 2-6, AWI 2-7 ML, AWI 21-7, AWI 21-8, AWI 23-1, AWI 23-2, AWI 3-9, AWI 9-10 RD",8,"Direct well benchmark allocated by anchor-year cost-family distribution. active_day_rate=154338.41 USD/day, estimated_days=32.48, depth_rate=151.65 USD/ft, depth_ft=8000, per_well_job=0.00 USD/well.",0,yes,SALAK_2026_2w,"20260422_Data for Dashboard.xlsx|Structured.Cost|908, 20260422_Data for Dashboard.xlsx|Structured.Cost|909, 20260422_Data for Dashboard.xlsx|Structured.Cost|910, 20260422_Data for Dashboard.xlsx|Structured.Cost|911, 20260422_Data for Dashboard.xlsx|Structured.Cost|912, 20260422_Data for Dashboard.xlsx|Structured.Cost|913, 20260422_Data for Dashboard.xlsx|Structured.Cost|914, 20260422_Data for Dashboard.xlsx|Structured.Cost|915"
11656bbea7b7e360,SALAK,SALAK_2026_2w,Well-2,direct_well_linked,L5,API non API Machine Shop Service,API non API Machine Shop Service,34465.032524,72.7393,empirical_spread,unit_price_benchmark_allocated_to_anchor_cost_family,SALAK_2025,"AWI 2-6, AWI 2-7 ML, AWI 21-7, AWI 21-8, AWI 23-1, AWI 23-2, AWI 3-9, AWI 9-10 RD",8,"Direct well benchmark allocated by anchor-year cost-family distribution. active_day_rate=154338.41 USD/day, estimated_days=32.48, depth_rate=151.65 USD/ft, depth_ft=8000, per_well_job=0.00 USD/well.",0,yes,SALAK_2026_2w,"20260422_Data for Dashboard.xlsx|Structured.Cost|917, 20260422_Data for Dashboard.xlsx|Structured.Cost|918, 20260422_Data for Dashboard.xlsx|Structured.Cost|919, 20260422_Data for Dashboard.xlsx|Structured.Cost|920, 20260422_Data for Dashboard.xlsx|Structured.Cost|921, 20260422_Data for Dashboard.xlsx|Structured.Cost|922, 20260422_Data for Dashboard.xlsx|Structured.Cost|923, 20260422_Data for Dashboard.xlsx|Structured.Cost|924"
bf386389f2da5016,SALAK,SALAK_2026_2w,Well-2,direct_well_linked,L5,"Bits, Reamer and Core heads","Bits, Reamer and Core heads",291591.759795,72.7393,empirical_spread,unit_price_benchmark_allocated_to_anchor_cost_family,"SALAK_2021, SALAK_2025","AWI 16-8, AWI 16-9, AWI 2-6, AWI 2-7 ML, AWI 21-5, AWI 21-6, AWI 21-7, AWI 21-8, AWI 23-1, AWI 23-2",12,"Direct well benchmark allocated by anchor-year cost-family distribution. active_day_rate=154338.41 USD/day, estimated_days=32.48, depth_rate=151.65 USD/ft, depth_ft=8000, per_well_job=0.00 USD/well.",0,yes,SALAK_2026_2w,"20260422_Data for Dashboard.xlsx|Structured.Cost|403, 20260422_Data for Dashboard.xlsx|Structured.Cost|404, 20260422_Data for Dashboard.xlsx|Structured.Cost|405, 20260422_Data for Dashboard.xlsx|Structured.Cost|406, 20260422_Data for Dashboard.xlsx|Structured.Cost|926, 20260422_Data for Dashboard.xlsx|Structured.Cost|927, 20260422_Data for Dashboard.xlsx|Structured.Cost|928, 20260422_Data for Dashboard.xlsx|Structured.Cost|929, 20260422_Data for Dashboard.xlsx|Structured.Cost|930, 20260422_Data for Dashboard.xlsx|Structured.Cost|931, 20260422_Data for Dashboard.xlsx|Structured.Cost|932, 20260422_Data for Dashboard.xlsx|Structured.Cost|933"
b7d3b416947ffefc,SALAK,SALAK_2026_2w,Well-2,direct_well_linked,L5,Casing Installation,Casing Installation,100629.771817,72.7393,empirical_spread,unit_price_benchmark_allocated_to_anchor_cost_family,"SALAK_2021, SALAK_2025","AWI 16-8, AWI 16-9, AWI 2-6, AWI 2-7 ML, AWI 21-5, AWI 21-6, AWI 21-7, AWI 21-8, AWI 23-1, AWI 23-2",12,"Direct well benchmark allocated by anchor-year cost-family distribution. active_day_rate=154338.41 USD/day, estimated_days=32.48, depth_rate=151.65 USD/ft, depth_ft=8000, per_well_job=0.00 USD/well.",0,yes,SALAK_2026_2w,"20260422_Data for Dashboard.xlsx|Structured.Cost|408, 20260422_Data for Dashboard.xlsx|Structured.Cost|409, 20260422_Data for Dashboard.xlsx|Structured.Cost|410, 20260422_Data for Dashboard.xlsx|Structured.Cost|411, 20260422_Data for Dashboard.xlsx|Structured.Cost|935, 20260422_Data for Dashboard.xlsx|Structured.Cost|936, 20260422_Data for Dashboard.xlsx|Structured.Cost|937, 20260422_Data for Dashboard.xlsx|Structured.Cost|938, 20260422_Data for Dashboard.xlsx|Structured.Cost|939, 20260422_Data for Dashboard.xlsx|Structured.Cost|940, 20260422_Data for Dashboard.xlsx|Structured.Cost|941, 20260422_Data for Dashboard.xlsx|Structured.Cost|942"
a01475a3f2af009f,SALAK,SALAK_2026_2w,Well-2,direct_well_linked,L5,"Cement, Cementing & Pump Fees","Cement, Cementing & Pump Fees",840118.997791,72.7393,empirical_spread,unit_price_benchmark_allocated_to_anchor_cost_family,"SALAK_2021, SALAK_2025","AWI 16-8, AWI 16-9, AWI 2-6, AWI 2-7 ML, AWI 21-5, AWI 21-6, AWI 21-7, AWI 21-8, AWI 23-1, AWI 23-2",12,"Direct well benchmark allocated by anchor-year cost-family distribution. active_day_rate=154338.41 USD/day, estimated_days=32.48, depth_rate=151.65 USD/ft, depth_ft=8000, per_well_job=0.00 USD/well.",0,yes,SALAK_2026_2w,"20260422_Data for Dashboard.xlsx|Structured.Cost|413, 20260422_Data for Dashboard.xlsx|Structured.Cost|414, 20260422_Data for Dashboard.xlsx|Structured.Cost|415, 20260422_Data for Dashboard.xlsx|Structured.Cost|416, 20260422_Data for Dashboard.xlsx|Structured.Cost|944, 20260422_Data for Dashboard.xlsx|Structured.Cost|945, 20260422_Data for Dashboard.xlsx|Structured.Cost|946, 20260422_Data for Dashboard.xlsx|Structured.Cost|947, 20260422_Data for Dashboard.xlsx|Structured.Cost|948, 20260422_Data for Dashboard.xlsx|Structured.Cost|949, 20260422_Data for Dashboard.xlsx|Structured.Cost|950, 20260422_Data for Dashboard.xlsx|Structured.Cost|951"
3de0f804ab921ac6,SALAK,SALAK_2026_2w,Well-2,direct_well_linked,L5,Contract Rig,Contract Rig,632306.229851,72.7393,empirical_spread,unit_price_benchmark_allocated_to_anchor_cost_family,"SALAK_2021, SALAK_2025","AWI 16-8, AWI 16-9, AWI 2-6, AWI 2-7 ML, AWI 21-5, AWI 21-6, AWI 21-7, AWI 21-8, AWI 23-1, AWI 23-2",12,"Direct well benchmark allocated by anchor-year cost-family distribution. active_day_rate=154338.41 USD/day, estimated_days=32.48, depth_rate=151.65 USD/ft, depth_ft=8000, per_well_job=0.00 USD/well.",0,yes,SALAK_2026_2w,"20260422_Data for Dashboard.xlsx|Structured.Cost|418, 20260422_Data for Dashboard.xlsx|Structured.Cost|419, 20260422_Data for Dashboard.xlsx|Structured.Cost|420, 20260422_Data for Dashboard.xlsx|Structured.Cost|421, 20260422_Data for Dashboard.xlsx|Structured.Cost|953, 20260422_Data for Dashboard.xlsx|Structured.Cost|954, 20260422_Data for Dashboard.xlsx|Structured.Cost|955, 20260422_Data for Dashboard.xlsx|Structured.Cost|956, 20260422_Data for Dashboard.xlsx|Structured.Cost|957, 20260422_Data for Dashboard.xlsx|Structured.Cost|958, 20260422_Data for Dashboard.xlsx|Structured.Cost|959, 20260422_Data for Dashboard.xlsx|Structured.Cost|960"
3ff1eaf698590794,SALAK,SALAK_2026_2w,Well-2,direct_well_linked,L5,Coring,Coring,0.000000,72.7393,empirical_spread,unit_price_benchmark_allocated_to_anchor_cost_family,SALAK_2025,"AWI 2-6, AWI 2-7 ML, AWI 21-7, AWI 21-8, AWI 23-1, AWI 23-2, AWI 3-9, AWI 9-10 RD",8,"Direct well benchmark allocated by anchor-year cost-family distribution. active_day_rate=154338.41 USD/day, estimated_days=32.48, depth_rate=151.65 USD/ft, depth_ft=8000, per_well_job=0.00 USD/well.",0,yes,SALAK_2026_2w,"20260422_Data for Dashboard.xlsx|Structured.Cost|962, 20260422_Data for Dashboard.xlsx|Structured.Cost|963, 20260422_Data for Dashboard.xlsx|Structured.Cost|964, 20260422_Data for Dashboard.xlsx|Structured.Cost|965, 20260422_Data for Dashboard.xlsx|Structured.Cost|966, 20260422_Data for Dashboard.xlsx|Structured.Cost|967, 20260422_Data for Dashboard.xlsx|Structured.Cost|968, 20260422_Data for Dashboard.xlsx|Structured.Cost|969"
c2ba76296ca034f5,SALAK,SALAK_2026_2w,Well-2,direct_well_linked,L5,Directional Drilling & Surveys,Directional Drilling & Surveys,580321.912371,72.7393,empirical_spread,unit_price_benchmark_allocated_to_anchor_cost_family,"SALAK_2021, SALAK_2025","AWI 16-8, AWI 16-9, AWI 2-6, AWI 2-7 ML, AWI 21-5, AWI 21-6, AWI 21-7, AWI 21-8, AWI 23-1, AWI 23-2",12,"Direct well benchmark allocated by anchor-year cost-family distribution. active_day_rate=154338.41 USD/day, estimated_days=32.48, depth_rate=151.65 USD/ft, depth_ft=8000, per_well_job=0.00 USD/well.",0,yes,SALAK_2026_2w,"20260422_Data for Dashboard.xlsx|Structured.Cost|423, 20260422_Data for Dashboard.xlsx|Structured.Cost|424, 20260422_Data for Dashboard.xlsx|Structured.Cost|425, 20260422_Data for Dashboard.xlsx|Structured.Cost|426, 20260422_Data for Dashboard.xlsx|Structured.Cost|971, 20260422_Data for Dashboard.xlsx|Structured.Cost|972, 20260422_Data for Dashboard.xlsx|Structured.Cost|973, 20260422_Data for Dashboard.xlsx|Structured.Cost|974, 20260422_Data for Dashboard.xlsx|Structured.Cost|975, 20260422_Data for Dashboard.xlsx|Structured.Cost|976, 20260422_Data for Dashboard.xlsx|Structured.Cost|977, 20260422_Data for Dashboard.xlsx|Structured.Cost|978"
0617de28464f742f,SALAK,SALAK_2026_2w,Well-2,direct_well_linked,L5,Drilling Rig O&M,Drilling Rig O&M,853153.106666,72.7393,empirical_spread,unit_price_benchmark_allocated_to_anchor_cost_family,SALAK_2025,"AWI 2-6, AWI 2-7 ML, AWI 21-7, AWI 21-8, AWI 23-1, AWI 23-2, AWI 3-9, AWI 9-10 RD",8,"Direct well benchmark allocated by anchor-year cost-family distribution. active_day_rate=154338.41 USD/day, estimated_days=32.48, depth_rate=151.65 USD/ft, depth_ft=8000, per_well_job=0.00 USD/well.",0,yes,SALAK_2026_2w,"20260422_Data for Dashboard.xlsx|Structured.Cost|980, 20260422_Data for Dashboard.xlsx|Structured.Cost|981, 20260422_Data for Dashboard.xlsx|Structured.Cost|982, 20260422_Data for Dashboard.xlsx|Structured.Cost|983, 20260422_Data for Dashboard.xlsx|Structured.Cost|984, 20260422_Data for Dashboard.xlsx|Structured.Cost|985, 20260422_Data for Dashboard.xlsx|Structured.Cost|986, 20260422_Data for Dashboard.xlsx|Structured.Cost|987"
8a59a27d935715ab,SALAK,SALAK_2026_2w,Well-2,direct_well_linked,L5,"Drilling Safety, Health & Environment","Drilling Safety, Health & Environment",13558.468931,72.7393,empirical_spread,unit_price_benchmark_allocated_to_anchor_cost_family,"SALAK_2021, SALAK_2025","AWI 16-8, AWI 16-9, AWI 2-6, AWI 2-7 ML, AWI 21-5, AWI 21-7, AWI 21-8, AWI 23-1, AWI 23-2, AWI 3-9",11,"Direct well benchmark allocated by anchor-year cost-family distribution. active_day_rate=154338.41 USD/day, estimated_days=32.48, depth_rate=151.65 USD/ft, depth_ft=8000, per_well_job=0.00 USD/well.",0,yes,SALAK_2026_2w,"20260422_Data for Dashboard.xlsx|Structured.Cost|428, 20260422_Data for Dashboard.xlsx|Structured.Cost|429, 20260422_Data for Dashboard.xlsx|Structured.Cost|430, 20260422_Data for Dashboard.xlsx|Structured.Cost|989, 20260422_Data for Dashboard.xlsx|Structured.Cost|990, 20260422_Data for Dashboard.xlsx|Structured.Cost|991, 20260422_Data for Dashboard.xlsx|Structured.Cost|992, 20260422_Data for Dashboard.xlsx|Structured.Cost|993, 20260422_Data for Dashboard.xlsx|Structured.Cost|994, 20260422_Data for Dashboard.xlsx|Structured.Cost|995, 20260422_Data for Dashboard.xlsx|Structured.Cost|996"
2141590188ef81e5,SALAK,SALAK_2026_2w,Well-2,direct_well_linked,L5,Equipment Rental,Equipment Rental,484402.024174,72.7393,empirical_spread,unit_price_benchmark_allocated_to_anchor_cost_family,"SALAK_2021, SALAK_2025","AWI 16-8, AWI 16-9, AWI 2-6, AWI 2-7 ML, AWI 21-5, AWI 21-6, AWI 21-7, AWI 21-8, AWI 23-1, AWI 23-2",12,"Direct well benchmark allocated by anchor-year cost-family distribution. active_day_rate=154338.41 USD/day, estimated_days=32.48, depth_rate=151.65 USD/ft, depth_ft=8000, per_well_job=0.00 USD/well.",0,yes,SALAK_2026_2w,"20260422_Data for Dashboard.xlsx|Structured.Cost|1000, 20260422_Data for Dashboard.xlsx|Structured.Cost|1001, 20260422_Data for Dashboard.xlsx|Structured.Cost|1002, 20260422_Data for Dashboard.xlsx|Structured.Cost|1003, 20260422_Data for Dashboard.xlsx|Structured.Cost|1004, 20260422_Data for Dashboard.xlsx|Structured.Cost|1005, 20260422_Data for Dashboard.xlsx|Structured.Cost|432, 20260422_Data for Dashboard.xlsx|Structured.Cost|433, 20260422_Data for Dashboard.xlsx|Structured.Cost|434, 20260422_Data for Dashboard.xlsx|Structured.Cost|435, 20260422_Data for Dashboard.xlsx|Structured.Cost|998, 20260422_Data for Dashboard.xlsx|Structured.Cost|999"
7e6589735fd5e10b,SALAK,SALAK_2026_2w,Well-2,direct_well_linked,L5,Explosive Handling & Permitting,Explosive Handling & Permitting,14084.492543,72.7393,empirical_spread,unit_price_benchmark_allocated_to_anchor_cost_family,SALAK_2025,"AWI 2-6, AWI 2-7 ML, AWI 21-7, AWI 21-8, AWI 23-1, AWI 23-2, AWI 3-9, AWI 9-10 RD",8,"Direct well benchmark allocated by anchor-year cost-family distribution. active_day_rate=154338.41 USD/day, estimated_days=32.48, depth_rate=151.65 USD/ft, depth_ft=8000, per_well_job=0.00 USD/well.",0,yes,SALAK_2026_2w,"20260422_Data for Dashboard.xlsx|Structured.Cost|1007, 20260422_Data for Dashboard.xlsx|Structured.Cost|1008, 20260422_Data for Dashboard.xlsx|Structured.Cost|1009, 20260422_Data for Dashboard.xlsx|Structured.Cost|1010, 20260422_Data for Dashboard.xlsx|Structured.Cost|1011, 20260422_Data for Dashboard.xlsx|Structured.Cost|1012, 20260422_Data for Dashboard.xlsx|Structured.Cost|1013, 20260422_Data for Dashboard.xlsx|Structured.Cost|1014"
c961f3b76cade817,SALAK,SALAK_2026_2w,Well-2,direct_well_linked,L5,Land Transportation,Land Transportation,192724.086649,72.7393,empirical_spread,unit_price_benchmark_allocated_to_anchor_cost_family,"SALAK_2021, SALAK_2025","AWI 16-8, AWI 16-9, AWI 2-6, AWI 2-7 ML, AWI 21-5, AWI 21-6, AWI 21-7, AWI 21-8, AWI 23-1, AWI 23-2",12,"Direct well benchmark allocated by anchor-year cost-family distribution. active_day_rate=154338.41 USD/day, estimated_days=32.48, depth_rate=151.65 USD/ft, depth_ft=8000, per_well_job=0.00 USD/well.",0,yes,SALAK_2026_2w,"20260422_Data for Dashboard.xlsx|Structured.Cost|1016, 20260422_Data for Dashboard.xlsx|Structured.Cost|1017, 20260422_Data for Dashboard.xlsx|Structured.Cost|1018, 20260422_Data for Dashboard.xlsx|Structured.Cost|1019, 20260422_Data for Dashboard.xlsx|Structured.Cost|1020, 20260422_Data for Dashboard.xlsx|Structured.Cost|1021, 20260422_Data for Dashboard.xlsx|Structured.Cost|1022, 20260422_Data for Dashboard.xlsx|Structured.Cost|1023, 20260422_Data for Dashboard.xlsx|Structured.Cost|437, 20260422_Data for Dashboard.xlsx|Structured.Cost|438, 20260422_Data for Dashboard.xlsx|Structured.Cost|439, 20260422_Data for Dashboard.xlsx|Structured.Cost|440"
43715529c05ee52e,SALAK,SALAK_2026_2w,Well-2,direct_well_linked,L5,Mud Logging Service,Mud Logging Service,72427.785363,72.7393,empirical_spread,unit_price_benchmark_allocated_to_anchor_cost_family,"SALAK_2021, SALAK_2025","AWI 16-8, AWI 16-9, AWI 2-6, AWI 2-7 ML, AWI 21-5, AWI 21-6, AWI 21-7, AWI 21-8, AWI 23-1, AWI 23-2",12,"Direct well benchmark allocated by anchor-year cost-family distribution. active_day_rate=154338.41 USD/day, estimated_days=32.48, depth_rate=151.65 USD/ft, depth_ft=8000, per_well_job=0.00 USD/well.",0,yes,SALAK_2026_2w,"20260422_Data for Dashboard.xlsx|Structured.Cost|1025, 20260422_Data for Dashboard.xlsx|Structured.Cost|1026, 20260422_Data for Dashboard.xlsx|Structured.Cost|1027, 20260422_Data for Dashboard.xlsx|Structured.Cost|1028, 20260422_Data for Dashboard.xlsx|Structured.Cost|1029, 20260422_Data for Dashboard.xlsx|Structured.Cost|1030, 20260422_Data for Dashboard.xlsx|Structured.Cost|1031, 20260422_Data for Dashboard.xlsx|Structured.Cost|1032, 20260422_Data for Dashboard.xlsx|Structured.Cost|442, 20260422_Data for Dashboard.xlsx|Structured.Cost|443, 20260422_Data for Dashboard.xlsx|Structured.Cost|444, 20260422_Data for Dashboard.xlsx|Structured.Cost|445"
11b120cedb500448,SALAK,SALAK_2026_2w,Well-2,direct_well_linked,L5,"Mud, Chemical and Engineering Service","Mud, Chemical and Engineering Service",516969.592972,72.7393,empirical_spread,unit_price_benchmark_allocated_to_anchor_cost_family,"SALAK_2021, SALAK_2025","AWI 16-8, AWI 16-9, AWI 2-6, AWI 2-7 ML, AWI 21-5, AWI 21-6, AWI 21-7, AWI 21-8, AWI 23-1, AWI 23-2",12,"Direct well benchmark allocated by anchor-year cost-family distribution. active_day_rate=154338.41 USD/day, estimated_days=32.48, depth_rate=151.65 USD/ft, depth_ft=8000, per_well_job=0.00 USD/well.",0,yes,SALAK_2026_2w,"20260422_Data for Dashboard.xlsx|Structured.Cost|1034, 20260422_Data for Dashboard.xlsx|Structured.Cost|1035, 20260422_Data for Dashboard.xlsx|Structured.Cost|1036, 20260422_Data for Dashboard.xlsx|Structured.Cost|1037, 20260422_Data for Dashboard.xlsx|Structured.Cost|1038, 20260422_Data for Dashboard.xlsx|Structured.Cost|1039, 20260422_Data for Dashboard.xlsx|Structured.Cost|1040, 20260422_Data for Dashboard.xlsx|Structured.Cost|1041, 20260422_Data for Dashboard.xlsx|Structured.Cost|447, 20260422_Data for Dashboard.xlsx|Structured.Cost|448, 20260422_Data for Dashboard.xlsx|Structured.Cost|449, 20260422_Data for Dashboard.xlsx|Structured.Cost|450"
ba719b44268560cb,SALAK,SALAK_2026_2w,Well-2,direct_well_linked,L5,NDT Inspection,NDT Inspection,33743.223778,72.7393,empirical_spread,unit_price_benchmark_allocated_to_anchor_cost_family,SALAK_2025,"AWI 2-6, AWI 2-7 ML, AWI 21-7, AWI 21-8, AWI 23-1, AWI 23-2, AWI 3-9, AWI 9-10 RD",8,"Direct well benchmark allocated by anchor-year cost-family distribution. active_day_rate=154338.41 USD/day, estimated_days=32.48, depth_rate=151.65 USD/ft, depth_ft=8000, per_well_job=0.00 USD/well.",0,yes,SALAK_2026_2w,"20260422_Data for Dashboard.xlsx|Structured.Cost|1043, 20260422_Data for Dashboard.xlsx|Structured.Cost|1044, 20260422_Data for Dashboard.xlsx|Structured.Cost|1045, 20260422_Data for Dashboard.xlsx|Structured.Cost|1046, 20260422_Data for Dashboard.xlsx|Structured.Cost|1047, 20260422_Data for Dashboard.xlsx|Structured.Cost|1048, 20260422_Data for Dashboard.xlsx|Structured.Cost|1049, 20260422_Data for Dashboard.xlsx|Structured.Cost|1050"
2da38489d8d355be,SALAK,SALAK_2026_2w,Well-2,direct_well_linked,L5,Open Hole Electrical Logging Service,Open Hole Electrical Logging Service,95666.997609,72.7393,empirical_spread,unit_price_benchmark_allocated_to_anchor_cost_family,SALAK_2025,"AWI 2-6, AWI 2-7 ML, AWI 21-7, AWI 21-8, AWI 23-1, AWI 23-2, AWI 3-9, AWI 9-10 RD",8,"Direct well benchmark allocated by anchor-year cost-family distribution. active_day_rate=154338.41 USD/day, estimated_days=32.48, depth_rate=151.65 USD/ft, depth_ft=8000, per_well_job=0.00 USD/well.",0,yes,SALAK_2026_2w,"20260422_Data for Dashboard.xlsx|Structured.Cost|1052, 20260422_Data for Dashboard.xlsx|Structured.Cost|1053, 20260422_Data for Dashboard.xlsx|Structured.Cost|1054, 20260422_Data for Dashboard.xlsx|Structured.Cost|1055, 20260422_Data for Dashboard.xlsx|Structured.Cost|1056, 20260422_Data for Dashboard.xlsx|Structured.Cost|1057, 20260422_Data for Dashboard.xlsx|Structured.Cost|1058, 20260422_Data for Dashboard.xlsx|Structured.Cost|1059"
e0f012b09b6b9c4c,SALAK,SALAK_2026_2w,Well-2,direct_well_linked,L5,Other Transportation,Other Transportation,0.000000,72.7393,empirical_spread,unit_price_benchmark_allocated_to_anchor_cost_family,"SALAK_2021, SALAK_2025","AWI 16-8, AWI 16-9, AWI 2-6, AWI 2-7 ML, AWI 21-5, AWI 21-6, AWI 21-7, AWI 21-8, AWI 23-1, AWI 23-2",12,"Direct well benchmark allocated by anchor-year cost-family distribution. active_day_rate=154338.41 USD/day, estimated_days=32.48, depth_rate=151.65 USD/ft, depth_ft=8000, per_well_job=0.00 USD/well.",0,yes,SALAK_2026_2w,"20260422_Data for Dashboard.xlsx|Structured.Cost|1061, 20260422_Data for Dashboard.xlsx|Structured.Cost|1062, 20260422_Data for Dashboard.xlsx|Structured.Cost|1063, 20260422_Data for Dashboard.xlsx|Structured.Cost|1064, 20260422_Data for Dashboard.xlsx|Structured.Cost|1065, 20260422_Data for Dashboard.xlsx|Structured.Cost|1066, 20260422_Data for Dashboard.xlsx|Structured.Cost|1067, 20260422_Data for Dashboard.xlsx|Structured.Cost|1068, 20260422_Data for Dashboard.xlsx|Structured.Cost|452, 20260422_Data for Dashboard.xlsx|Structured.Cost|453, 20260422_Data for Dashboard.xlsx|Structured.Cost|454, 20260422_Data for Dashboard.xlsx|Structured.Cost|455"
e0573ec4aac86ba5,SALAK,SALAK_2026_2w,Well-2,direct_well_linked,L5,Rig Inspection,Rig Inspection,0.000000,72.7393,empirical_spread,unit_price_benchmark_allocated_to_anchor_cost_family,SALAK_2025,"AWI 2-6, AWI 2-7 ML, AWI 21-7, AWI 21-8, AWI 23-1, AWI 23-2, AWI 3-9, AWI 9-10 RD",8,"Direct well benchmark allocated by anchor-year cost-family distribution. active_day_rate=154338.41 USD/day, estimated_days=32.48, depth_rate=151.65 USD/ft, depth_ft=8000, per_well_job=0.00 USD/well.",0,yes,SALAK_2026_2w,"20260422_Data for Dashboard.xlsx|Structured.Cost|1070, 20260422_Data for Dashboard.xlsx|Structured.Cost|1071, 20260422_Data for Dashboard.xlsx|Structured.Cost|1072, 20260422_Data for Dashboard.xlsx|Structured.Cost|1073, 20260422_Data for Dashboard.xlsx|Structured.Cost|1074, 20260422_Data for Dashboard.xlsx|Structured.Cost|1075, 20260422_Data for Dashboard.xlsx|Structured.Cost|1076, 20260422_Data for Dashboard.xlsx|Structured.Cost|1077"
96550188f7a9d47f,SALAK,SALAK_2026_2w,Well-2,direct_well_linked,L5,Service Lines & Communication,Service Lines & Communication,1490.082178,72.7393,empirical_spread,unit_price_benchmark_allocated_to_anchor_cost_family,"SALAK_2021, SALAK_2025","AWI 16-8, AWI 16-9, AWI 2-6, AWI 2-7 ML, AWI 21-5, AWI 21-6, AWI 21-7, AWI 21-8, AWI 23-1, AWI 23-2",12,"Direct well benchmark allocated by anchor-year cost-family distribution. active_day_rate=154338.41 USD/day, estimated_days=32.48, depth_rate=151.65 USD/ft, depth_ft=8000, per_well_job=0.00 USD/well.",0,yes,SALAK_2026_2w,"20260422_Data for Dashboard.xlsx|Structured.Cost|1079, 20260422_Data for Dashboard.xlsx|Structured.Cost|1080, 20260422_Data for Dashboard.xlsx|Structured.Cost|1081, 20260422_Data for Dashboard.xlsx|Structured.Cost|1082, 20260422_Data for Dashboard.xlsx|Structured.Cost|1083, 20260422_Data for Dashboard.xlsx|Structured.Cost|1084, 20260422_Data for Dashboard.xlsx|Structured.Cost|1085, 20260422_Data for Dashboard.xlsx|Structured.Cost|1086, 20260422_Data for Dashboard.xlsx|Structured.Cost|462, 20260422_Data for Dashboard.xlsx|Structured.Cost|463, 20260422_Data for Dashboard.xlsx|Structured.Cost|464, 20260422_Data for Dashboard.xlsx|Structured.Cost|465"
28ddad5ed9aeaa0d,SALAK,SALAK_2026_2w,Well-2,direct_well_linked,L5,Supervision,Supervision,91620.111259,72.7393,empirical_spread,unit_price_benchmark_allocated_to_anchor_cost_family,"SALAK_2021, SALAK_2025","AWI 16-8, AWI 16-9, AWI 2-6, AWI 2-7 ML, AWI 21-5, AWI 21-6, AWI 21-7, AWI 21-8, AWI 23-1, AWI 23-2",12,"Direct well benchmark allocated by anchor-year cost-family distribution. active_day_rate=154338.41 USD/day, estimated_days=32.48, depth_rate=151.65 USD/ft, depth_ft=8000, per_well_job=0.00 USD/well.",0,yes,SALAK_2026_2w,"20260422_Data for Dashboard.xlsx|Structured.Cost|1088, 20260422_Data for Dashboard.xlsx|Structured.Cost|1089, 20260422_Data for Dashboard.xlsx|Structured.Cost|1090, 20260422_Data for Dashboard.xlsx|Structured.Cost|1091, 20260422_Data for Dashboard.xlsx|Structured.Cost|1092, 20260422_Data for Dashboard.xlsx|Structured.Cost|1093, 20260422_Data for Dashboard.xlsx|Structured.Cost|1094, 20260422_Data for Dashboard.xlsx|Structured.Cost|1095, 20260422_Data for Dashboard.xlsx|Structured.Cost|467, 20260422_Data for Dashboard.xlsx|Structured.Cost|468, 20260422_Data for Dashboard.xlsx|Structured.Cost|469, 20260422_Data for Dashboard.xlsx|Structured.Cost|470"
3069459e6e8a4fc0,SALAK,SALAK_2026_2w,Well-2,direct_well_linked,L5,Vehicle Inspection,Vehicle Inspection,0.000000,72.7393,empirical_spread,unit_price_benchmark_allocated_to_anchor_cost_family,SALAK_2025,"AWI 2-6, AWI 2-7 ML, AWI 21-7, AWI 21-8, AWI 23-1, AWI 23-2, AWI 3-9, AWI 9-10 RD",8,"Direct well benchmark allocated by anchor-year cost-family distribution. active_day_rate=154338.41 USD/day, estimated_days=32.48, depth_rate=151.65 USD/ft, depth_ft=8000, per_well_job=0.00 USD/well.",0,yes,SALAK_2026_2w,"20260422_Data for Dashboard.xlsx|Structured.Cost|1097, 20260422_Data for Dashboard.xlsx|Structured.Cost|1098, 20260422_Data for Dashboard.xlsx|Structured.Cost|1099, 20260422_Data for Dashboard.xlsx|Structured.Cost|1100, 20260422_Data for Dashboard.xlsx|Structured.Cost|1101, 20260422_Data for Dashboard.xlsx|Structured.Cost|1102, 20260422_Data for Dashboard.xlsx|Structured.Cost|1103, 20260422_Data for Dashboard.xlsx|Structured.Cost|1104"
0ba09e2c9b4b4a96,SALAK,SALAK_2026_2w,Well-2,direct_well_linked,L5,Welding Service,Welding Service,0.000000,72.7393,empirical_spread,unit_price_benchmark_allocated_to_anchor_cost_family,SALAK_2025,"AWI 2-6, AWI 2-7 ML, AWI 21-7, AWI 21-8, AWI 23-1, AWI 23-2, AWI 3-9, AWI 9-10 RD",8,"Direct well benchmark allocated by anchor-year cost-family distribution. active_day_rate=154338.41 USD/day, estimated_days=32.48, depth_rate=151.65 USD/ft, depth_ft=8000, per_well_job=0.00 USD/well.",0,yes,SALAK_2026_2w,"20260422_Data for Dashboard.xlsx|Structured.Cost|1106, 20260422_Data for Dashboard.xlsx|Structured.Cost|1107, 20260422_Data for Dashboard.xlsx|Structured.Cost|1108, 20260422_Data for Dashboard.xlsx|Structured.Cost|1109, 20260422_Data for Dashboard.xlsx|Structured.Cost|1110, 20260422_Data for Dashboard.xlsx|Structured.Cost|1111, 20260422_Data for Dashboard.xlsx|Structured.Cost|1112, 20260422_Data for Dashboard.xlsx|Structured.Cost|1113"
270e1fb4ffae9fb8,SALAK,SALAK_2026_2w,CAMPAIGN_SHARED,campaign_overhead,L5,Material,Material,777276.938017,0.0000,empirical_spread,fallback_benchmark,SALAK_2025,,1,Single historical peer after field-specific family grouping.,0,yes,SALAK_2026_2w,20260422_Data for Dashboard.xlsx|Structured.Cost|1128
0ae01647fa695bb0,SALAK,SALAK_2026_2w,CAMPAIGN_SHARED,campaign_overhead,L5,Service,Service,1336290.977466,25.5810,empirical_spread,empirical_analog,"SALAK_2021, SALAK_2025",,2,Field-specific family analog built from 2 peer groups and 2 supporting rows.,0,yes,SALAK_2026_2w,"20260422_Data for Dashboard.xlsx|Structured.Cost|1129, 20260422_Data for Dashboard.xlsx|Structured.Cost|487"
06215b2a4ca008d0,SALAK,SALAK_2026_2w,CAMPAIGN_SHARED,campaign_overhead,L5,Contingency,Contingency,0.000000,0.0000,empirical_spread,fallback_benchmark,SALAK_2025,,1,Single historical peer after field-specific family grouping.,0,yes,SALAK_2026_2w,20260422_Data for Dashboard.xlsx|Structured.Cost|854
42c50c4219ba9fc4,SALAK,SALAK_2026_2w,CAMPAIGN_SHARED,campaign_overhead,L5,Drilling Facilities Support,Drilling Facilities Support,545084.057909,97.3719,empirical_spread,empirical_analog,"SALAK_2021, SALAK_2025",,2,Field-specific family analog built from 2 peer groups and 2 supporting rows.,0,yes,SALAK_2026_2w,"20260422_Data for Dashboard.xlsx|Structured.Cost|1115, 20260422_Data for Dashboard.xlsx|Structured.Cost|473"
7b5ba999229d2a8b,SALAK,SALAK_2026_2w,CAMPAIGN_SHARED,campaign_overhead,L5,Drilling Operation Water Support,Drilling Operation Water Support,367243.279463,0.0000,empirical_spread,fallback_benchmark,SALAK_2025,,1,Single historical peer after field-specific family grouping.,0,yes,SALAK_2026_2w,20260422_Data for Dashboard.xlsx|Structured.Cost|1116
a19920f4938dec1e,SALAK,SALAK_2026_2w,CAMPAIGN_SHARED,campaign_overhead,L5,Explosive,Explosive,163660.011885,0.0000,empirical_spread,fallback_benchmark,SALAK_2025,,1,Single historical peer after field-specific family grouping.,0,yes,SALAK_2026_2w,20260422_Data for Dashboard.xlsx|Structured.Cost|855
fb0c1a8cda6963a3,SALAK,SALAK_2026_2w,CAMPAIGN_SHARED,campaign_overhead,L5,Hardware Supply,Hardware Supply,4585.852030,0.0000,empirical_spread,fallback_benchmark,SALAK_2025,,1,Single historical peer after field-specific family grouping.,0,yes,SALAK_2026_2w,20260422_Data for Dashboard.xlsx|Structured.Cost|1117
0b89fb5132c784eb,SALAK,SALAK_2026_2w,CAMPAIGN_SHARED,campaign_overhead,L5,Internet and IT Support Service,Internet and IT Support Service,5890.599078,148.3192,empirical_spread,empirical_analog,"SALAK_2021, SALAK_2025",,2,Field-specific family analog built from 2 peer groups and 2 supporting rows.,0,yes,SALAK_2026_2w,"20260422_Data for Dashboard.xlsx|Structured.Cost|1118, 20260422_Data for Dashboard.xlsx|Structured.Cost|474"
988c111a84c2bde2,SALAK,SALAK_2026_2w,CAMPAIGN_SHARED,campaign_overhead,L5,LIH,LIH,878169.907328,160.0000,empirical_spread,empirical_analog,"SALAK_2021, SALAK_2025",,2,Field-specific family analog built from 2 peer groups and 2 supporting rows.,0,yes,SALAK_2026_2w,"20260422_Data for Dashboard.xlsx|Structured.Cost|382, 20260422_Data for Dashboard.xlsx|Structured.Cost|856"
ca38dcdb1d4eac6a,SALAK,SALAK_2026_2w,CAMPAIGN_SHARED,campaign_overhead,L5,Logging Cost,Logging Cost,0.000000,0.0000,empirical_spread,fallback_benchmark,SALAK_2025,,1,Single historical peer after field-specific family grouping.,0,yes,SALAK_2026_2w,20260422_Data for Dashboard.xlsx|Structured.Cost|857
5d65be7dcc5b93cd,SALAK,SALAK_2026_2w,CAMPAIGN_SHARED,campaign_overhead,L5,New Rig Pavement,New Rig Pavement,0.000000,0.0000,empirical_spread,fallback_benchmark,SALAK_2025,,1,Single historical peer after field-specific family grouping.,0,yes,SALAK_2026_2w,20260422_Data for Dashboard.xlsx|Structured.Cost|1130
f002e6a4924af1ee,SALAK,SALAK_2026_2w,CAMPAIGN_SHARED,campaign_overhead,L5,PGPA,PGPA,129773.355145,0.0000,empirical_spread,fallback_benchmark,SALAK_2025,,1,Single historical peer after field-specific family grouping.,0,yes,SALAK_2026_2w,20260422_Data for Dashboard.xlsx|Structured.Cost|1119
f381ae7a0f35ebe4,SALAK,SALAK_2026_2w,CAMPAIGN_SHARED,campaign_overhead,L5,Security,Security,27150.221407,0.0000,empirical_spread,fallback_benchmark,SALAK_2025,,1,Single historical peer after field-specific family grouping.,0,yes,SALAK_2026_2w,20260422_Data for Dashboard.xlsx|Structured.Cost|1120
c8c8b6fb57d18212,SALAK,SALAK_2026_2w,CAMPAIGN_SHARED,campaign_overhead,L5,Project Management Cost,Project Management Cost,15052.822031,99.6137,empirical_spread,empirical_analog,"SALAK_2021, SALAK_2025",,2,Field-specific family analog built from 2 peer groups and 2 supporting rows.,0,yes,SALAK_2026_2w,"20260422_Data for Dashboard.xlsx|Structured.Cost|1121, 20260422_Data for Dashboard.xlsx|Structured.Cost|477"
a7e54950133099fa,SALAK,SALAK_2026_2w,CAMPAIGN_SHARED,campaign_overhead,L5,Rig Mobilization,Rig Mobilization,2834907.102637,13.4380,empirical_spread,empirical_analog,"SALAK_2021, SALAK_2025",,2,Field-specific family analog built from 2 peer groups and 2 supporting rows.,0,yes,SALAK_2026_2w,"20260422_Data for Dashboard.xlsx|Structured.Cost|383, 20260422_Data for Dashboard.xlsx|Structured.Cost|858"
1d758adab509c218,SALAK,SALAK_2026_2w,CAMPAIGN_SHARED,campaign_overhead,L5,Rig Move,Rig Move,2894802.751301,30.2692,empirical_spread,empirical_analog,"SALAK_2021, SALAK_2025",,4,Field-specific family analog built from 2 peer groups and 4 supporting rows.,0,yes,SALAK_2026_2w,"20260422_Data for Dashboard.xlsx|Structured.Cost|384, 20260422_Data for Dashboard.xlsx|Structured.Cost|859, 20260422_Data for Dashboard.xlsx|Structured.Cost|860, 20260422_Data for Dashboard.xlsx|Structured.Cost|861"
9920273a284e5f7f,SALAK,SALAK_2026_2w,CAMPAIGN_SHARED,campaign_overhead,L5,Rig Skid,Rig Skid,314761.638535,10.4484,empirical_spread,empirical_analog,"SALAK_2021, SALAK_2025",,2,Field-specific family analog built from 2 peer groups and 2 supporting rows.,0,yes,SALAK_2026_2w,"20260422_Data for Dashboard.xlsx|Structured.Cost|385, 20260422_Data for Dashboard.xlsx|Structured.Cost|862"
a5b69970faef771d,SALAK,SALAK_2026_2w,CAMPAIGN_SHARED,campaign_overhead,L5,Construction,Construction,845200.401505,7.1250,empirical_spread,empirical_analog,"SALAK_2021, SALAK_2025",,4,Field-specific family analog built from 2 peer groups and 4 supporting rows.,0,yes,SALAK_2026_2w,"20260422_Data for Dashboard.xlsx|Structured.Cost|1131, 20260422_Data for Dashboard.xlsx|Structured.Cost|1133, 20260422_Data for Dashboard.xlsx|Structured.Cost|488, 20260422_Data for Dashboard.xlsx|Structured.Cost|490"
7d970f70f227a2f8,SALAK,SALAK_2026_2w,CAMPAIGN_SHARED,campaign_overhead,L5,Engineering,Engineering,461753.864568,0.0000,empirical_spread,fallback_benchmark,SALAK_2025,,3,Only one historical peer group is available after field-specific family grouping.,0,yes,SALAK_2026_2w,"20260422_Data for Dashboard.xlsx|Structured.Cost|1132, 20260422_Data for Dashboard.xlsx|Structured.Cost|1134, 20260422_Data for Dashboard.xlsx|Structured.Cost|1136"
1a23371288c79ff3,SALAK,SALAK_2026_2w,CAMPAIGN_SHARED,campaign_overhead,L5,Drill Cutting - Transport & Process,Drill Cutting - Transport & Process,427940.695005,18.4235,empirical_spread,empirical_analog,"SALAK_2021, SALAK_2025",,2,Field-specific family analog built from 2 peer groups and 2 supporting rows.,0,yes,SALAK_2026_2w,"20260422_Data for Dashboard.xlsx|Structured.Cost|1122, 20260422_Data for Dashboard.xlsx|Structured.Cost|478"
470299197456ffa5,SALAK,SALAK_2026_2w,CAMPAIGN_SHARED,campaign_overhead,L5,Sampling and Lab Analysis,Sampling and Lab Analysis,7858.920426,113.8647,empirical_spread,empirical_analog,"SALAK_2021, SALAK_2025",,2,Field-specific family analog built from 2 peer groups and 2 supporting rows.,0,yes,SALAK_2026_2w,"20260422_Data for Dashboard.xlsx|Structured.Cost|1123, 20260422_Data for Dashboard.xlsx|Structured.Cost|479"
6eba4e158c50d90d,SALAK,SALAK_2026_2w,CAMPAIGN_SHARED,campaign_overhead,L5,Hazardous Waste,Hazardous Waste,1091.129800,140.6271,empirical_spread,empirical_analog,"SALAK_2021, SALAK_2025",,2,Field-specific family analog built from 2 peer groups and 2 supporting rows.,0,yes,SALAK_2026_2w,"20260422_Data for Dashboard.xlsx|Structured.Cost|1124, 20260422_Data for Dashboard.xlsx|Structured.Cost|480"
77ec1dbd5523c56d,SALAK,SALAK_2026_2w,CAMPAIGN_SHARED,campaign_overhead,L5,"Installation, Hook Up & Pre-Commisioning","Installation, Hook Up & Pre-Commisioning",432934.257559,64.9743,empirical_spread,empirical_analog,"SALAK_2021, SALAK_2025",,2,Field-specific family analog built from 2 peer groups and 2 supporting rows.,0,yes,SALAK_2026_2w,"20260422_Data for Dashboard.xlsx|Structured.Cost|1135, 20260422_Data for Dashboard.xlsx|Structured.Cost|491"
e96b18ed6ea2a2fa,SALAK,SALAK_2026_2w,CAMPAIGN_SHARED,campaign_overhead,L5,Material - LL,Material - LL,1205378.777445,2.0942,empirical_spread,empirical_analog,"SALAK_2021, SALAK_2025",,3,Field-specific family analog built from 2 peer groups and 3 supporting rows.,0,yes,SALAK_2026_2w,"20260422_Data for Dashboard.xlsx|Structured.Cost|1137, 20260422_Data for Dashboard.xlsx|Structured.Cost|489, 20260422_Data for Dashboard.xlsx|Structured.Cost|492"
b00028e6039d2db0,SALAK,SALAK_2026_2w,CAMPAIGN_SHARED,campaign_overhead,L5,Material - Non LL,Material - Non LL,239262.873850,0.0000,empirical_spread,fallback_benchmark,SALAK_2025,,1,Single historical peer after field-specific family grouping.,0,yes,SALAK_2026_2w,20260422_Data for Dashboard.xlsx|Structured.Cost|1138
88216d8b517a7c5b,SALAK,SALAK_2026_2w,CAMPAIGN_SHARED,campaign_overhead,L5,Insurance,Insurance,150926.988559,58.0766,empirical_spread,empirical_analog,"SALAK_2021, SALAK_2025",,2,Field-specific family analog built from 2 peer groups and 2 supporting rows.,0,yes,SALAK_2026_2w,"20260422_Data for Dashboard.xlsx|Structured.Cost|1125, 20260422_Data for Dashboard.xlsx|Structured.Cost|483"
277b3898015e36cd,SALAK,SALAK_2026_2w,CAMPAIGN_SHARED,campaign_overhead,L5,Well Testing,Well Testing,478089.100884,16.2826,empirical_spread,empirical_analog,"SALAK_2021, SALAK_2025",,2,Field-specific family analog built from 2 peer groups and 2 supporting rows.,0,yes,SALAK_2026_2w,"20260422_Data for Dashboard.xlsx|Structured.Cost|1126, 20260422_Data for Dashboard.xlsx|Structured.Cost|484"
10ac02a4fc52cb0b,SALAK,SALAK_2026_2w,CAMPAIGN_SHARED,campaign_overhead,L5,Wellsite Geologist (WSG),Wellsite Geologist (WSG),169606.867060,40.0210,empirical_spread,empirical_analog,"SALAK_2021, SALAK_2025",,2,Field-specific family analog built from 2 peer groups and 2 supporting rows.,0,yes,SALAK_2026_2w,"20260422_Data for Dashboard.xlsx|Structured.Cost|1127, 20260422_Data for Dashboard.xlsx|Structured.Cost|485"
