well_alias,well_canonical,campaign_code,campaign_id,estimator_scope,include_for_estimator,include_for_well_training,source_sheet,note,well_sequence_in_campaign,well_order_label,well_order_basis,well_order_note
14-1,DRJ-51,,,reference,no,no,alias_catalog,Configured alias mapping,,,,
14-1,DRJ-51,E530-30101-D225301,DARAJAT_2022,in_scope,yes,yes,alias_catalog,,,,,
14-2,DRJ-52,,,reference,no,no,alias_catalog,Configured alias mapping,,,,
14-2,DRJ-52,E530-30101-D225301,DARAJAT_2022,in_scope,yes,yes,alias_catalog,,,,,
20-1,DRJ-50,,,reference,no,no,alias_catalog,Configured alias mapping,,,,
20-1,DRJ-50,E530-30101-D225301,DARAJAT_2022,in_scope,yes,yes,alias_catalog,,,,,
AWI 16-08,AWI 16-8,E540-30101-D20001,SALAK_2021,in_scope,yes,yes,DashBoard.Tab.Template,,,,,
AWI 16-08,AWI 16-8,E540-30101-D20001,SALAK_2021,in_scope,yes,yes,General.Camp.Data,,,,,
AWI 16-08,AWI 16-8,E540-30101-D20001,SALAK_2021,in_scope,yes,yes,Structured.Cost,,,,,
AWI 16-09,AWI 16-9,E540-30101-D20001,SALAK_2021,in_scope,yes,yes,DashBoard.Tab.Template,,,,,
AWI 16-09,AWI 16-9,E540-30101-D20001,SALAK_2021,in_scope,yes,yes,General.Camp.Data,,,,,
AWI 16-09,AWI 16-9,E540-30101-D20001,SALAK_2021,in_scope,yes,yes,Structured.Cost,,,,,
AWI 16-8,AWI 16-8,E540-30101-D20001,SALAK_2021,in_scope,yes,yes,DashBoard.Tab.Template,,,,,
AWI 16-8,AWI 16-8,E540-30101-D20001,SALAK_2021,in_scope,yes,yes,Drill.Depth.Days,,,,,
AWI 16-8,AWI 16-8,E540-30101-D20001,SALAK_2021,in_scope,yes,yes,General.Camp.Data,,,,,
AWI 16-8,AWI 16-8,E540-30101-D20001,SALAK_2021,in_scope,yes,yes,Phase.Summary,,,,,
AWI 16-8,AWI 16-8,E540-30101-D20001,SALAK_2021,in_scope,yes,yes,Structured.Cost,,,,,
AWI 16-9,AWI 16-9,E540-30101-D20001,SALAK_2021,in_scope,yes,yes,DashBoard.Tab.Template,,,,,
AWI 16-9,AWI 16-9,E540-30101-D20001,SALAK_2021,in_scope,yes,yes,Drill.Depth.Days,,,,,
AWI 16-9,AWI 16-9,E540-30101-D20001,SALAK_2021,in_scope,yes,yes,General.Camp.Data,,,,,
AWI 16-9,AWI 16-9,E540-30101-D20001,SALAK_2021,in_scope,yes,yes,Phase.Summary,,,,,
AWI 16-9,AWI 16-9,E540-30101-D20001,SALAK_2021,in_scope,yes,yes,Structured.Cost,,,,,
AWI 2-6,AWI 2-6,E540-30101-D245401,SALAK_2025_2026,in_scope,yes,yes,DashBoard.Tab.Template,,7,well_7,user_confirmed_salak_2025_2026_left_to_right,AWI 9-10RD aliases to canonical AWI 9-10 for order metadata.
AWI 2-6,AWI 2-6,E540-30101-D245401,SALAK_2025_2026,in_scope,yes,yes,Drill.Depth.Days,,7,well_7,user_confirmed_salak_2025_2026_left_to_right,AWI 9-10RD aliases to canonical AWI 9-10 for order metadata.
AWI 2-6,AWI 2-6,E540-30101-D245401,SALAK_2025_2026,in_scope,yes,yes,General.Camp.Data,,7,well_7,user_confirmed_salak_2025_2026_left_to_right,AWI 9-10RD aliases to canonical AWI 9-10 for order metadata.
AWI 2-6,AWI 2-6,E540-30101-D245401,SALAK_2025_2026,in_scope,yes,yes,Phase.Summary,,7,well_7,user_confirmed_salak_2025_2026_left_to_right,AWI 9-10RD aliases to canonical AWI 9-10 for order metadata.
AWI 2-6,AWI 2-6,E540-30101-D245401,SALAK_2025_2026,in_scope,yes,yes,Structured.Cost,,7,well_7,user_confirmed_salak_2025_2026_left_to_right,AWI 9-10RD aliases to canonical AWI 9-10 for order metadata.
AWI 2-7 ML,AWI 2-7 ML,E540-30101-D245401,SALAK_2025_2026,in_scope,yes,yes,DashBoard.Tab.Template,,6,well_6,user_confirmed_salak_2025_2026_left_to_right,AWI 9-10RD aliases to canonical AWI 9-10 for order metadata.
AWI 2-7 ML,AWI 2-7 ML,E540-30101-D245401,SALAK_2025_2026,in_scope,yes,yes,Drill.Depth.Days,,6,well_6,user_confirmed_salak_2025_2026_left_to_right,AWI 9-10RD aliases to canonical AWI 9-10 for order metadata.
AWI 2-7 ML,AWI 2-7 ML,E540-30101-D245401,SALAK_2025_2026,in_scope,yes,yes,General.Camp.Data,,6,well_6,user_confirmed_salak_2025_2026_left_to_right,AWI 9-10RD aliases to canonical AWI 9-10 for order metadata.
AWI 2-7 ML,AWI 2-7 ML,E540-30101-D245401,SALAK_2025_2026,in_scope,yes,yes,Phase.Summary,,6,well_6,user_confirmed_salak_2025_2026_left_to_right,AWI 9-10RD aliases to canonical AWI 9-10 for order metadata.
AWI 2-7 ML,AWI 2-7 ML,E540-30101-D245401,SALAK_2025_2026,in_scope,yes,yes,Structured.Cost,,6,well_6,user_confirmed_salak_2025_2026_left_to_right,AWI 9-10RD aliases to canonical AWI 9-10 for order metadata.
AWI 21-05,AWI 21-5,E540-30101-D20001,SALAK_2021,in_scope,yes,yes,DashBoard.Tab.Template,,,,,
AWI 21-05,AWI 21-5,E540-30101-D20001,SALAK_2021,in_scope,yes,yes,General.Camp.Data,,,,,
AWI 21-05,AWI 21-5,E540-30101-D20001,SALAK_2021,in_scope,yes,yes,Structured.Cost,,,,,
AWI 21-06,AWI 21-6,E540-30101-D20001,SALAK_2021,in_scope,yes,yes,DashBoard.Tab.Template,,,,,
AWI 21-06,AWI 21-6,E540-30101-D20001,SALAK_2021,in_scope,yes,yes,General.Camp.Data,,,,,
AWI 21-06,AWI 21-6,E540-30101-D20001,SALAK_2021,in_scope,yes,yes,Structured.Cost,,,,,
AWI 21-5,AWI 21-5,E540-30101-D20001,SALAK_2021,in_scope,yes,yes,DashBoard.Tab.Template,,,,,
AWI 21-5,AWI 21-5,E540-30101-D20001,SALAK_2021,in_scope,yes,yes,Drill.Depth.Days,,,,,
AWI 21-5,AWI 21-5,E540-30101-D20001,SALAK_2021,in_scope,yes,yes,General.Camp.Data,,,,,
AWI 21-5,AWI 21-5,E540-30101-D20001,SALAK_2021,in_scope,yes,yes,Phase.Summary,,,,,
AWI 21-5,AWI 21-5,E540-30101-D20001,SALAK_2021,in_scope,yes,yes,Structured.Cost,,,,,
AWI 21-6,AWI 21-6,E540-30101-D20001,SALAK_2021,in_scope,yes,yes,DashBoard.Tab.Template,,,,,
AWI 21-6,AWI 21-6,E540-30101-D20001,SALAK_2021,in_scope,yes,yes,Drill.Depth.Days,,,,,
AWI 21-6,AWI 21-6,E540-30101-D20001,SALAK_2021,in_scope,yes,yes,General.Camp.Data,,,,,
AWI 21-6,AWI 21-6,E540-30101-D20001,SALAK_2021,in_scope,yes,yes,Phase.Summary,,,,,
AWI 21-6,AWI 21-6,E540-30101-D20001,SALAK_2021,in_scope,yes,yes,Structured.Cost,,,,,
AWI 21-7,AWI 21-7,E540-30101-D245401,SALAK_2025_2026,in_scope,yes,yes,DashBoard.Tab.Template,,2,well_2,user_confirmed_salak_2025_2026_left_to_right,AWI 9-10RD aliases to canonical AWI 9-10 for order metadata.
AWI 21-7,AWI 21-7,E540-30101-D245401,SALAK_2025_2026,in_scope,yes,yes,Drill.Depth.Days,,2,well_2,user_confirmed_salak_2025_2026_left_to_right,AWI 9-10RD aliases to canonical AWI 9-10 for order metadata.
AWI 21-7,AWI 21-7,E540-30101-D245401,SALAK_2025_2026,in_scope,yes,yes,General.Camp.Data,,2,well_2,user_confirmed_salak_2025_2026_left_to_right,AWI 9-10RD aliases to canonical AWI 9-10 for order metadata.
AWI 21-7,AWI 21-7,E540-30101-D245401,SALAK_2025_2026,in_scope,yes,yes,Phase.Summary,,2,well_2,user_confirmed_salak_2025_2026_left_to_right,AWI 9-10RD aliases to canonical AWI 9-10 for order metadata.
AWI 21-7,AWI 21-7,E540-30101-D245401,SALAK_2025_2026,in_scope,yes,yes,Structured.Cost,,2,well_2,user_confirmed_salak_2025_2026_left_to_right,AWI 9-10RD aliases to canonical AWI 9-10 for order metadata.
AWI 21-8,AWI 21-8,E540-30101-D245401,SALAK_2025_2026,in_scope,yes,yes,DashBoard.Tab.Template,,1,well_1,user_confirmed_salak_2025_2026_left_to_right,AWI 9-10RD aliases to canonical AWI 9-10 for order metadata.
AWI 21-8,AWI 21-8,E540-30101-D245401,SALAK_2025_2026,in_scope,yes,yes,Drill.Depth.Days,,1,well_1,user_confirmed_salak_2025_2026_left_to_right,AWI 9-10RD aliases to canonical AWI 9-10 for order metadata.
AWI 21-8,AWI 21-8,E540-30101-D245401,SALAK_2025_2026,in_scope,yes,yes,General.Camp.Data,,1,well_1,user_confirmed_salak_2025_2026_left_to_right,AWI 9-10RD aliases to canonical AWI 9-10 for order metadata.
AWI 21-8,AWI 21-8,E540-30101-D245401,SALAK_2025_2026,in_scope,yes,yes,Phase.Summary,,1,well_1,user_confirmed_salak_2025_2026_left_to_right,AWI 9-10RD aliases to canonical AWI 9-10 for order metadata.
AWI 21-8,AWI 21-8,E540-30101-D245401,SALAK_2025_2026,in_scope,yes,yes,Structured.Cost,,1,well_1,user_confirmed_salak_2025_2026_left_to_right,AWI 9-10RD aliases to canonical AWI 9-10 for order metadata.
AWI 23-1,AWI 23-1,E540-30101-D245401,SALAK_2025_2026,in_scope,yes,yes,DashBoard.Tab.Template,,4,well_4,user_confirmed_salak_2025_2026_left_to_right,AWI 9-10RD aliases to canonical AWI 9-10 for order metadata.
AWI 23-1,AWI 23-1,E540-30101-D245401,SALAK_2025_2026,in_scope,yes,yes,Drill.Depth.Days,,4,well_4,user_confirmed_salak_2025_2026_left_to_right,AWI 9-10RD aliases to canonical AWI 9-10 for order metadata.
AWI 23-1,AWI 23-1,E540-30101-D245401,SALAK_2025_2026,in_scope,yes,yes,General.Camp.Data,,4,well_4,user_confirmed_salak_2025_2026_left_to_right,AWI 9-10RD aliases to canonical AWI 9-10 for order metadata.
AWI 23-1,AWI 23-1,E540-30101-D245401,SALAK_2025_2026,in_scope,yes,yes,Phase.Summary,,4,well_4,user_confirmed_salak_2025_2026_left_to_right,AWI 9-10RD aliases to canonical AWI 9-10 for order metadata.
AWI 23-1,AWI 23-1,E540-30101-D245401,SALAK_2025_2026,in_scope,yes,yes,Structured.Cost,,4,well_4,user_confirmed_salak_2025_2026_left_to_right,AWI 9-10RD aliases to canonical AWI 9-10 for order metadata.
AWI 23-2,AWI 23-2,E540-30101-D245401,SALAK_2025_2026,in_scope,yes,yes,DashBoard.Tab.Template,,5,well_5,user_confirmed_salak_2025_2026_left_to_right,AWI 9-10RD aliases to canonical AWI 9-10 for order metadata.
AWI 23-2,AWI 23-2,E540-30101-D245401,SALAK_2025_2026,in_scope,yes,yes,Drill.Depth.Days,,5,well_5,user_confirmed_salak_2025_2026_left_to_right,AWI 9-10RD aliases to canonical AWI 9-10 for order metadata.
AWI 23-2,AWI 23-2,E540-30101-D245401,SALAK_2025_2026,in_scope,yes,yes,General.Camp.Data,,5,well_5,user_confirmed_salak_2025_2026_left_to_right,AWI 9-10RD aliases to canonical AWI 9-10 for order metadata.
AWI 23-2,AWI 23-2,E540-30101-D245401,SALAK_2025_2026,in_scope,yes,yes,Phase.Summary,,5,well_5,user_confirmed_salak_2025_2026_left_to_right,AWI 9-10RD aliases to canonical AWI 9-10 for order metadata.
AWI 23-2,AWI 23-2,E540-30101-D245401,SALAK_2025_2026,in_scope,yes,yes,Structured.Cost,,5,well_5,user_confirmed_salak_2025_2026_left_to_right,AWI 9-10RD aliases to canonical AWI 9-10 for order metadata.
AWI 3-9,AWI 3-9,E540-30101-D245401,SALAK_2025_2026,in_scope,yes,yes,DashBoard.Tab.Template,,3,well_3,user_confirmed_salak_2025_2026_left_to_right,AWI 9-10RD aliases to canonical AWI 9-10 for order metadata.
AWI 3-9,AWI 3-9,E540-30101-D245401,SALAK_2025_2026,in_scope,yes,yes,Drill.Depth.Days,,3,well_3,user_confirmed_salak_2025_2026_left_to_right,AWI 9-10RD aliases to canonical AWI 9-10 for order metadata.
AWI 3-9,AWI 3-9,E540-30101-D245401,SALAK_2025_2026,in_scope,yes,yes,General.Camp.Data,,3,well_3,user_confirmed_salak_2025_2026_left_to_right,AWI 9-10RD aliases to canonical AWI 9-10 for order metadata.
AWI 3-9,AWI 3-9,E540-30101-D245401,SALAK_2025_2026,in_scope,yes,yes,Phase.Summary,,3,well_3,user_confirmed_salak_2025_2026_left_to_right,AWI 9-10RD aliases to canonical AWI 9-10 for order metadata.
AWI 3-9,AWI 3-9,E540-30101-D245401,SALAK_2025_2026,in_scope,yes,yes,Structured.Cost,,3,well_3,user_confirmed_salak_2025_2026_left_to_right,AWI 9-10RD aliases to canonical AWI 9-10 for order metadata.
AWI 9-10,AWI 9-10,E540-30101-D20001,SALAK_2021,in_scope,yes,yes,DashBoard.Tab.Template,,,,,
AWI 9-10,AWI 9-10,E540-30101-D20001,SALAK_2021,in_scope,yes,yes,Drill.Depth.Days,,,,,
AWI 9-10,AWI 9-10,E540-30101-D20001,SALAK_2021,in_scope,yes,yes,General.Camp.Data,,,,,
AWI 9-10,AWI 9-10,E540-30101-D20001,SALAK_2021,in_scope,yes,yes,Phase.Summary,,,,,
AWI 9-10,AWI 9-10,E540-30101-D20001,SALAK_2021,in_scope,yes,yes,Structured.Cost,,,,,
AWI 9-10,AWI 9-10,E540-30101-D20001,SALAK_2021,in_scope,yes,yes,alias_catalog,,,,,
AWI 9-10 RD,AWI 9-10 RD,E540-30101-D245401,SALAK_2025_2026,in_scope,yes,yes,DashBoard.Tab.Template,,,,,
AWI 9-10 RD,AWI 9-10 RD,E540-30101-D245401,SALAK_2025_2026,in_scope,yes,yes,General.Camp.Data,,,,,
AWI 9-10 RD,AWI 9-10 RD,E540-30101-D245401,SALAK_2025_2026,in_scope,yes,yes,Structured.Cost,,,,,
AWI 9-10RD,AWI 9-10,,,reference,no,no,alias_catalog,Configured alias mapping,,,,
AWI 9-10RD,AWI 9-10,E540-30101-D20001,SALAK_2021,in_scope,yes,yes,alias_catalog,,,,,
AWI 9-10RD,AWI 9-10 RD,E540-30101-D245401,SALAK_2025_2026,in_scope,yes,yes,General.Camp.Data,,,,,
AWI 9-11,AWI 9-11,E540-30101-D245401,SALAK_2025_2026,in_scope,yes,yes,DashBoard.Tab.Template,,8,well_8,user_confirmed_salak_2025_2026_left_to_right,AWI 9-10RD aliases to canonical AWI 9-10 for order metadata.
AWI 9-11,AWI 9-11,E540-30101-D245401,SALAK_2025_2026,in_scope,yes,yes,Drill.Depth.Days,,8,well_8,user_confirmed_salak_2025_2026_left_to_right,AWI 9-10RD aliases to canonical AWI 9-10 for order metadata.
AWI 9-11,AWI 9-11,E540-30101-D245401,SALAK_2025_2026,in_scope,yes,yes,General.Camp.Data,,8,well_8,user_confirmed_salak_2025_2026_left_to_right,AWI 9-10RD aliases to canonical AWI 9-10 for order metadata.
AWI 9-11,AWI 9-11,E540-30101-D245401,SALAK_2025_2026,in_scope,yes,yes,Phase.Summary,,8,well_8,user_confirmed_salak_2025_2026_left_to_right,AWI 9-10RD aliases to canonical AWI 9-10 for order metadata.
AWI 9-11,AWI 9-11,E540-30101-D245401,SALAK_2025_2026,in_scope,yes,yes,Structured.Cost,,8,well_8,user_confirmed_salak_2025_2026_left_to_right,AWI 9-10RD aliases to canonical AWI 9-10 for order metadata.
DRJ 14-1,DRJ-51,E530-30101-D225301,DARAJAT_2022,in_scope,yes,yes,General.Camp.Data,,,,,
DRJ 14-2,DRJ-52,E530-30101-D225301,DARAJAT_2022,in_scope,yes,yes,General.Camp.Data,,,,,
DRJ 20 NE,DRJ-48,E530-30101-D19001,DARAJAT_2019,in_scope,yes,yes,General.Camp.Data,,,,,
DRJ 20 WNW,DRJ-44,E530-30101-D19001,DARAJAT_2019,in_scope,yes,yes,General.Camp.Data,,,,,
DRJ 20-1,DRJ-50,E530-30101-D225301,DARAJAT_2022,in_scope,yes,yes,General.Camp.Data,,,,,
DRJ S4 SW,DRJ-47,E530-30101-D19001,DARAJAT_2019,in_scope,yes,yes,General.Camp.Data,,,,,
DRJ S4S,DRJ-46,E530-30101-D19001,DARAJAT_2019,in_scope,yes,yes,General.Camp.Data,,,,,
DRJ S4SSE,DRJ-45,E530-30101-D19001,DARAJAT_2019,in_scope,yes,yes,General.Camp.Data,,,,,
DRJ SF-1,DRJ-49,E530-30101-D225301,DARAJAT_2022,in_scope,yes,yes,General.Camp.Data,,,,,
DRJ SF-ML,DRJ-38RD,E530-30101-D225301,DARAJAT_2022,in_scope,yes,yes,General.Camp.Data,,,,,
DRJ STEAM 2,DRJ-54,E530-30101-D235301,DARAJAT_2023_2024,in_scope,yes,yes,General.Camp.Data,,,,,
DRJ STEAM 3,DRJ-55,E530-30101-D235301,DARAJAT_2023_2024,in_scope,yes,yes,General.Camp.Data,,,,,
DRJ STEAM 4,DRJ-56,E530-30101-D235301,DARAJAT_2023_2024,in_scope,yes,yes,General.Camp.Data,,,,,
DRJ STEAM 5,DRJ-57,E530-30101-D235301,DARAJAT_2023_2024,in_scope,yes,yes,General.Camp.Data,,,,,
DRJ STEAM 6,DRJ-53,E530-30101-D235301,DARAJAT_2023_2024,in_scope,yes,yes,General.Camp.Data,,,,,
DRJ-38RD,DRJ-38,,,reference,no,no,alias_catalog,Configured alias mapping,,,,
DRJ-38RD,DRJ-38RD,E530-30101-D225301,DARAJAT_2022,in_scope,yes,yes,DashBoard.Tab.Template,,,,,
DRJ-38RD,DRJ-38RD,E530-30101-D225301,DARAJAT_2022,in_scope,yes,yes,Drill.Depth.Days,,,,,
DRJ-38RD,DRJ-38RD,E530-30101-D225301,DARAJAT_2022,in_scope,yes,yes,General.Camp.Data,,,,,
DRJ-38RD,DRJ-38RD,E530-30101-D225301,DARAJAT_2022,in_scope,yes,yes,Phase.Summary,,,,,
DRJ-38RD,DRJ-38RD,E530-30101-D225301,DARAJAT_2022,in_scope,yes,yes,Structured.Cost,,,,,
DRJ-44,DRJ-44,E530-30101-D19001,DARAJAT_2019,in_scope,yes,yes,DashBoard.Tab.Template,,,,,
DRJ-44,DRJ-44,E530-30101-D19001,DARAJAT_2019,in_scope,yes,yes,Drill.Depth.Days,,,,,
DRJ-44,DRJ-44,E530-30101-D19001,DARAJAT_2019,in_scope,yes,yes,General.Camp.Data,,,,,
DRJ-44,DRJ-44,E530-30101-D19001,DARAJAT_2019,in_scope,yes,yes,Phase.Summary,,,,,
DRJ-44,DRJ-44,E530-30101-D19001,DARAJAT_2019,in_scope,yes,yes,Structured.Cost,,,,,
DRJ-44,DRJ-44,E530-30101-D19001,DARAJAT_2019,in_scope,yes,yes,alias_catalog,,,,,
DRJ-44OH,DRJ-44,,,reference,no,no,alias_catalog,Configured alias mapping,,,,
DRJ-44OH,DRJ-44,E530-30101-D19001,DARAJAT_2019,in_scope,yes,yes,DashBoard.Tab.Template,,,,,
DRJ-44OH,DRJ-44,E530-30101-D19001,DARAJAT_2019,in_scope,yes,yes,Structured.Cost,,,,,
DRJ-44OH,DRJ-44,E530-30101-D19001,DARAJAT_2019,in_scope,yes,yes,alias_catalog,,,,,
DRJ-45,DRJ-45,E530-30101-D19001,DARAJAT_2019,in_scope,yes,yes,DashBoard.Tab.Template,,,,,
DRJ-45,DRJ-45,E530-30101-D19001,DARAJAT_2019,in_scope,yes,yes,Drill.Depth.Days,,,,,
DRJ-45,DRJ-45,E530-30101-D19001,DARAJAT_2019,in_scope,yes,yes,General.Camp.Data,,,,,
DRJ-45,DRJ-45,E530-30101-D19001,DARAJAT_2019,in_scope,yes,yes,Phase.Summary,,,,,
DRJ-45,DRJ-45,E530-30101-D19001,DARAJAT_2019,in_scope,yes,yes,Structured.Cost,,,,,
DRJ-45,DRJ-45,E530-30101-D19001,DARAJAT_2019,in_scope,yes,yes,alias_catalog,,,,,
DRJ-45OH,DRJ-45,,,reference,no,no,alias_catalog,Configured alias mapping,,,,
DRJ-45OH,DRJ-45,E530-30101-D19001,DARAJAT_2019,in_scope,yes,yes,DashBoard.Tab.Template,,,,,
DRJ-45OH,DRJ-45,E530-30101-D19001,DARAJAT_2019,in_scope,yes,yes,Structured.Cost,,,,,
DRJ-45OH,DRJ-45,E530-30101-D19001,DARAJAT_2019,in_scope,yes,yes,alias_catalog,,,,,
DRJ-46,DRJ-46,E530-30101-D19001,DARAJAT_2019,in_scope,yes,yes,DashBoard.Tab.Template,,,,,
DRJ-46,DRJ-46,E530-30101-D19001,DARAJAT_2019,in_scope,yes,yes,Drill.Depth.Days,,,,,
DRJ-46,DRJ-46,E530-30101-D19001,DARAJAT_2019,in_scope,yes,yes,General.Camp.Data,,,,,
DRJ-46,DRJ-46,E530-30101-D19001,DARAJAT_2019,in_scope,yes,yes,Phase.Summary,,,,,
DRJ-46,DRJ-46,E530-30101-D19001,DARAJAT_2019,in_scope,yes,yes,Structured.Cost,,,,,
DRJ-46,DRJ-46,E530-30101-D19001,DARAJAT_2019,in_scope,yes,yes,alias_catalog,,,,,
DRJ-46OH,DRJ-46,,,reference,no,no,alias_catalog,Configured alias mapping,,,,
DRJ-46OH,DRJ-46,E530-30101-D19001,DARAJAT_2019,in_scope,yes,yes,DashBoard.Tab.Template,,,,,
DRJ-46OH,DRJ-46,E530-30101-D19001,DARAJAT_2019,in_scope,yes,yes,Structured.Cost,,,,,
DRJ-46OH,DRJ-46,E530-30101-D19001,DARAJAT_2019,in_scope,yes,yes,alias_catalog,,,,,
DRJ-47,DRJ-47,E530-30101-D19001,DARAJAT_2019,in_scope,yes,yes,DashBoard.Tab.Template,,,,,
DRJ-47,DRJ-47,E530-30101-D19001,DARAJAT_2019,in_scope,yes,yes,Drill.Depth.Days,,,,,
DRJ-47,DRJ-47,E530-30101-D19001,DARAJAT_2019,in_scope,yes,yes,General.Camp.Data,,,,,
DRJ-47,DRJ-47,E530-30101-D19001,DARAJAT_2019,in_scope,yes,yes,Phase.Summary,,,,,
DRJ-47,DRJ-47,E530-30101-D19001,DARAJAT_2019,in_scope,yes,yes,Structured.Cost,,,,,
DRJ-47,DRJ-47,E530-30101-D19001,DARAJAT_2019,in_scope,yes,yes,alias_catalog,,,,,
DRJ-47OH,DRJ-47,,,reference,no,no,alias_catalog,Configured alias mapping,,,,
DRJ-47OH,DRJ-47,E530-30101-D19001,DARAJAT_2019,in_scope,yes,yes,DashBoard.Tab.Template,,,,,
DRJ-47OH,DRJ-47,E530-30101-D19001,DARAJAT_2019,in_scope,yes,yes,Structured.Cost,,,,,
DRJ-47OH,DRJ-47,E530-30101-D19001,DARAJAT_2019,in_scope,yes,yes,alias_catalog,,,,,
DRJ-48,DRJ-48,E530-30101-D19001,DARAJAT_2019,in_scope,yes,yes,DashBoard.Tab.Template,,,,,
DRJ-48,DRJ-48,E530-30101-D19001,DARAJAT_2019,in_scope,yes,yes,Drill.Depth.Days,,,,,
DRJ-48,DRJ-48,E530-30101-D19001,DARAJAT_2019,in_scope,yes,yes,General.Camp.Data,,,,,
DRJ-48,DRJ-48,E530-30101-D19001,DARAJAT_2019,in_scope,yes,yes,Phase.Summary,,,,,
DRJ-48,DRJ-48,E530-30101-D19001,DARAJAT_2019,in_scope,yes,yes,Structured.Cost,,,,,
DRJ-49,DRJ-49,E530-30101-D225301,DARAJAT_2022,in_scope,yes,yes,DashBoard.Tab.Template,,,,,
DRJ-49,DRJ-49,E530-30101-D225301,DARAJAT_2022,in_scope,yes,yes,Drill.Depth.Days,,,,,
DRJ-49,DRJ-49,E530-30101-D225301,DARAJAT_2022,in_scope,yes,yes,General.Camp.Data,,,,,
DRJ-49,DRJ-49,E530-30101-D225301,DARAJAT_2022,in_scope,yes,yes,Phase.Summary,,,,,
DRJ-49,DRJ-49,E530-30101-D225301,DARAJAT_2022,in_scope,yes,yes,Structured.Cost,,,,,
DRJ-49,DRJ-49,E530-30101-D225301,DARAJAT_2022,in_scope,yes,yes,alias_catalog,,,,,
DRJ-49OH,DRJ-49,,,reference,no,no,alias_catalog,Configured alias mapping,,,,
DRJ-49OH,DRJ-49,E530-30101-D225301,DARAJAT_2022,in_scope,yes,yes,DashBoard.Tab.Template,,,,,
DRJ-49OH,DRJ-49,E530-30101-D225301,DARAJAT_2022,in_scope,yes,yes,Structured.Cost,,,,,
DRJ-49OH,DRJ-49,E530-30101-D225301,DARAJAT_2022,in_scope,yes,yes,alias_catalog,,,,,
DRJ-50,DRJ-50,E530-30101-D225301,DARAJAT_2022,in_scope,yes,yes,DashBoard.Tab.Template,,,,,
DRJ-50,DRJ-50,E530-30101-D225301,DARAJAT_2022,in_scope,yes,yes,Drill.Depth.Days,,,,,
DRJ-50,DRJ-50,E530-30101-D225301,DARAJAT_2022,in_scope,yes,yes,General.Camp.Data,,,,,
DRJ-50,DRJ-50,E530-30101-D225301,DARAJAT_2022,in_scope,yes,yes,Phase.Summary,,,,,
DRJ-50,DRJ-50,E530-30101-D225301,DARAJAT_2022,in_scope,yes,yes,Structured.Cost,,,,,
DRJ-50,DRJ-50,E530-30101-D225301,DARAJAT_2022,in_scope,yes,yes,alias_catalog,,,,,
DRJ-50OH,DRJ-50,,,reference,no,no,alias_catalog,Configured alias mapping,,,,
DRJ-50OH,DRJ-50,E530-30101-D225301,DARAJAT_2022,in_scope,yes,yes,DashBoard.Tab.Template,,,,,
DRJ-50OH,DRJ-50,E530-30101-D225301,DARAJAT_2022,in_scope,yes,yes,Structured.Cost,,,,,
DRJ-50OH,DRJ-50,E530-30101-D225301,DARAJAT_2022,in_scope,yes,yes,alias_catalog,,,,,
DRJ-51,DRJ-51,E530-30101-D225301,DARAJAT_2022,in_scope,yes,yes,DashBoard.Tab.Template,,,,,
DRJ-51,DRJ-51,E530-30101-D225301,DARAJAT_2022,in_scope,yes,yes,Drill.Depth.Days,,,,,
DRJ-51,DRJ-51,E530-30101-D225301,DARAJAT_2022,in_scope,yes,yes,General.Camp.Data,,,,,
DRJ-51,DRJ-51,E530-30101-D225301,DARAJAT_2022,in_scope,yes,yes,Phase.Summary,,,,,
DRJ-51,DRJ-51,E530-30101-D225301,DARAJAT_2022,in_scope,yes,yes,Structured.Cost,,,,,
DRJ-51,DRJ-51,E530-30101-D225301,DARAJAT_2022,in_scope,yes,yes,alias_catalog,,,,,
DRJ-51OH,DRJ-51,,,reference,no,no,alias_catalog,Configured alias mapping,,,,
DRJ-51OH,DRJ-51,E530-30101-D225301,DARAJAT_2022,in_scope,yes,yes,DashBoard.Tab.Template,,,,,
DRJ-51OH,DRJ-51,E530-30101-D225301,DARAJAT_2022,in_scope,yes,yes,Structured.Cost,,,,,
DRJ-51OH,DRJ-51,E530-30101-D225301,DARAJAT_2022,in_scope,yes,yes,alias_catalog,,,,,
DRJ-52,DRJ-52,E530-30101-D225301,DARAJAT_2022,in_scope,yes,yes,DashBoard.Tab.Template,,,,,
DRJ-52,DRJ-52,E530-30101-D225301,DARAJAT_2022,in_scope,yes,yes,Drill.Depth.Days,,,,,
DRJ-52,DRJ-52,E530-30101-D225301,DARAJAT_2022,in_scope,yes,yes,General.Camp.Data,,,,,
DRJ-52,DRJ-52,E530-30101-D225301,DARAJAT_2022,in_scope,yes,yes,Phase.Summary,,,,,
DRJ-52,DRJ-52,E530-30101-D225301,DARAJAT_2022,in_scope,yes,yes,Structured.Cost,,,,,
DRJ-52,DRJ-52,E530-30101-D225301,DARAJAT_2022,in_scope,yes,yes,alias_catalog,,,,,
DRJ-52OH,DRJ-52,,,reference,no,no,alias_catalog,Configured alias mapping,,,,
DRJ-52OH,DRJ-52,E530-30101-D225301,DARAJAT_2022,in_scope,yes,yes,DashBoard.Tab.Template,,,,,
DRJ-52OH,DRJ-52,E530-30101-D225301,DARAJAT_2022,in_scope,yes,yes,Structured.Cost,,,,,
DRJ-52OH,DRJ-52,E530-30101-D225301,DARAJAT_2022,in_scope,yes,yes,alias_catalog,,,,,
DRJ-53,DRJ-53,E530-30101-D235301,DARAJAT_2023_2024,in_scope,yes,yes,DashBoard.Tab.Template,,,,,
DRJ-53,DRJ-53,E530-30101-D235301,DARAJAT_2023_2024,in_scope,yes,yes,Drill.Depth.Days,,,,,
DRJ-53,DRJ-53,E530-30101-D235301,DARAJAT_2023_2024,in_scope,yes,yes,General.Camp.Data,,,,,
DRJ-53,DRJ-53,E530-30101-D235301,DARAJAT_2023_2024,in_scope,yes,yes,Phase.Summary,,,,,
DRJ-53,DRJ-53,E530-30101-D235301,DARAJAT_2023_2024,in_scope,yes,yes,Structured.Cost,,,,,
DRJ-53,DRJ-53,E530-30101-D235301,DARAJAT_2023_2024,in_scope,yes,yes,alias_catalog,,,,,
DRJ-54,DRJ-54,E530-30101-D235301,DARAJAT_2023_2024,in_scope,yes,yes,DashBoard.Tab.Template,,,,,
DRJ-54,DRJ-54,E530-30101-D235301,DARAJAT_2023_2024,in_scope,yes,yes,Drill.Depth.Days,,,,,
DRJ-54,DRJ-54,E530-30101-D235301,DARAJAT_2023_2024,in_scope,yes,yes,General.Camp.Data,,,,,
DRJ-54,DRJ-54,E530-30101-D235301,DARAJAT_2023_2024,in_scope,yes,yes,Phase.Summary,,,,,
DRJ-54,DRJ-54,E530-30101-D235301,DARAJAT_2023_2024,in_scope,yes,yes,Structured.Cost,,,,,
DRJ-54,DRJ-54,E530-30101-D235301,DARAJAT_2023_2024,in_scope,yes,yes,alias_catalog,,,,,
DRJ-55,DRJ-55,E530-30101-D235301,DARAJAT_2023_2024,in_scope,yes,yes,DashBoard.Tab.Template,,,,,
DRJ-55,DRJ-55,E530-30101-D235301,DARAJAT_2023_2024,in_scope,yes,yes,Drill.Depth.Days,,,,,
DRJ-55,DRJ-55,E530-30101-D235301,DARAJAT_2023_2024,in_scope,yes,yes,General.Camp.Data,,,,,
DRJ-55,DRJ-55,E530-30101-D235301,DARAJAT_2023_2024,in_scope,yes,yes,Phase.Summary,,,,,
DRJ-55,DRJ-55,E530-30101-D235301,DARAJAT_2023_2024,in_scope,yes,yes,Structured.Cost,,,,,
DRJ-55,DRJ-55,E530-30101-D235301,DARAJAT_2023_2024,in_scope,yes,yes,alias_catalog,,,,,
DRJ-56,DRJ-56,E530-30101-D235301,DARAJAT_2023_2024,in_scope,yes,yes,DashBoard.Tab.Template,,,,,
DRJ-56,DRJ-56,E530-30101-D235301,DARAJAT_2023_2024,in_scope,yes,yes,Drill.Depth.Days,,,,,
DRJ-56,DRJ-56,E530-30101-D235301,DARAJAT_2023_2024,in_scope,yes,yes,General.Camp.Data,,,,,
DRJ-56,DRJ-56,E530-30101-D235301,DARAJAT_2023_2024,in_scope,yes,yes,Phase.Summary,,,,,
DRJ-56,DRJ-56,E530-30101-D235301,DARAJAT_2023_2024,in_scope,yes,yes,Structured.Cost,,,,,
DRJ-56,DRJ-56,E530-30101-D235301,DARAJAT_2023_2024,in_scope,yes,yes,alias_catalog,,,,,
DRJ-57,DRJ-57,E530-30101-D235301,DARAJAT_2023_2024,in_scope,yes,yes,DashBoard.Tab.Template,,,,,
DRJ-57,DRJ-57,E530-30101-D235301,DARAJAT_2023_2024,in_scope,yes,yes,Drill.Depth.Days,,,,,
DRJ-57,DRJ-57,E530-30101-D235301,DARAJAT_2023_2024,in_scope,yes,yes,General.Camp.Data,,,,,
DRJ-57,DRJ-57,E530-30101-D235301,DARAJAT_2023_2024,in_scope,yes,yes,Phase.Summary,,,,,
DRJ-57,DRJ-57,E530-30101-D235301,DARAJAT_2023_2024,in_scope,yes,yes,Structured.Cost,,,,,
DRJ-57,DRJ-57,E530-30101-D235301,DARAJAT_2023_2024,in_scope,yes,yes,alias_catalog,,,,,
DRJ-STEAM 2,DRJ-54,,,reference,no,no,alias_catalog,Configured alias mapping,,,,
DRJ-STEAM 2,DRJ-54,E530-30101-D235301,DARAJAT_2023_2024,in_scope,yes,yes,alias_catalog,,,,,
DRJ-STEAM 3,DRJ-55,,,reference,no,no,alias_catalog,Configured alias mapping,,,,
DRJ-STEAM 3,DRJ-55,E530-30101-D235301,DARAJAT_2023_2024,in_scope,yes,yes,alias_catalog,,,,,
DRJ-STEAM 4,DRJ-56,,,reference,no,no,alias_catalog,Configured alias mapping,,,,
DRJ-STEAM 4,DRJ-56,E530-30101-D235301,DARAJAT_2023_2024,in_scope,yes,yes,alias_catalog,,,,,
DRJ-STEAM 5,DRJ-57,,,reference,no,no,alias_catalog,Configured alias mapping,,,,
DRJ-STEAM 5,DRJ-57,E530-30101-D235301,DARAJAT_2023_2024,in_scope,yes,yes,alias_catalog,,,,,
DRJ-STEAM 6,DRJ-53,,,reference,no,no,alias_catalog,Configured alias mapping,,,,
DRJ-STEAM 6,DRJ-53,E530-30101-D235301,DARAJAT_2023_2024,in_scope,yes,yes,alias_catalog,,,,,
MBA-6,MBA-6,E500-2-0-8501-185003,WAYANG_WINDU_2018,in_scope,yes,yes,DashBoard.Tab.Template,,,,,
MBA-6,MBA-6,E500-2-0-8501-185003,WAYANG_WINDU_2018,in_scope,yes,yes,Drill.Depth.Days,,,,,
MBA-6,MBA-6,E500-2-0-8501-185003,WAYANG_WINDU_2018,in_scope,yes,yes,General.Camp.Data,,,,,
MBA-6,MBA-6,E500-2-0-8501-185003,WAYANG_WINDU_2018,in_scope,yes,yes,Phase.Summary,,,,,
MBA-6,MBA-6,E500-2-0-8501-185003,WAYANG_WINDU_2018,in_scope,yes,yes,Structured.Cost,,,,,
MBA-7,MBA-7,E500-2-0-8501-185003,WAYANG_WINDU_2018,in_scope,yes,yes,DashBoard.Tab.Template,,,,,
MBA-7,MBA-7,E500-2-0-8501-185003,WAYANG_WINDU_2018,in_scope,yes,yes,Drill.Depth.Days,,,,,
MBA-7,MBA-7,E500-2-0-8501-185003,WAYANG_WINDU_2018,in_scope,yes,yes,General.Camp.Data,,,,,
MBA-7,MBA-7,E500-2-0-8501-185003,WAYANG_WINDU_2018,in_scope,yes,yes,Phase.Summary,,,,,
MBA-7,MBA-7,E500-2-0-8501-185003,WAYANG_WINDU_2018,in_scope,yes,yes,Structured.Cost,,,,,
MBD 8 WO,MBD-8WO,E500-30101-D205011,WAYANG_WINDU_2021,in_scope,yes,yes,General.Camp.Data,,,,,
MBD-7,MBD-7,E500-2-0-8501-185003,WAYANG_WINDU_2018,in_scope,yes,yes,DashBoard.Tab.Template,,,,,
MBD-7,MBD-7,E500-2-0-8501-185003,WAYANG_WINDU_2018,in_scope,yes,yes,Drill.Depth.Days,,,,,
MBD-7,MBD-7,E500-2-0-8501-185003,WAYANG_WINDU_2018,in_scope,yes,yes,General.Camp.Data,,,,,
MBD-7,MBD-7,E500-2-0-8501-185003,WAYANG_WINDU_2018,in_scope,yes,yes,Phase.Summary,,,,,
MBD-7,MBD-7,E500-2-0-8501-185003,WAYANG_WINDU_2018,in_scope,yes,yes,Structured.Cost,,,,,
MBD-8,MBD-8,E500-2-0-8501-185003,WAYANG_WINDU_2018,in_scope,yes,yes,DashBoard.Tab.Template,,,,,
MBD-8,MBD-8,E500-2-0-8501-185003,WAYANG_WINDU_2018,in_scope,yes,yes,Drill.Depth.Days,,,,,
MBD-8,MBD-8,E500-2-0-8501-185003,WAYANG_WINDU_2018,in_scope,yes,yes,General.Camp.Data,,,,,
MBD-8,MBD-8,E500-2-0-8501-185003,WAYANG_WINDU_2018,in_scope,yes,yes,Phase.Summary,,,,,
MBD-8,MBD-8,E500-2-0-8501-185003,WAYANG_WINDU_2018,in_scope,yes,yes,Structured.Cost,,,,,
MBD-8WO,MBD-8WO,E500-30101-D205011,WAYANG_WINDU_2021,in_scope,yes,yes,DashBoard.Tab.Template,,,,,
MBD-8WO,MBD-8WO,E500-30101-D205011,WAYANG_WINDU_2021,in_scope,yes,yes,General.Camp.Data,,,,,
MBD-8WO,MBD-8WO,E500-30101-D205011,WAYANG_WINDU_2021,in_scope,yes,yes,Structured.Cost,,,,,
MBE 06,MBE-6,E500-30101-D205011,WAYANG_WINDU_2021,in_scope,yes,yes,General.Camp.Data,,,,,
MBE 07,MBE-7,E500-30101-D205011,WAYANG_WINDU_2021,in_scope,yes,yes,General.Camp.Data,,,,,
MBE-6,MBE-6,E500-30101-D205011,WAYANG_WINDU_2021,in_scope,yes,yes,DashBoard.Tab.Template,,,,,
MBE-6,MBE-6,E500-30101-D205011,WAYANG_WINDU_2021,in_scope,yes,yes,Drill.Depth.Days,,,,,
MBE-6,MBE-6,E500-30101-D205011,WAYANG_WINDU_2021,in_scope,yes,yes,General.Camp.Data,,,,,
MBE-6,MBE-6,E500-30101-D205011,WAYANG_WINDU_2021,in_scope,yes,yes,Phase.Summary,,,,,
MBE-6,MBE-6,E500-30101-D205011,WAYANG_WINDU_2021,in_scope,yes,yes,Structured.Cost,,,,,
MBE-7,MBE-7,E500-30101-D205011,WAYANG_WINDU_2021,in_scope,yes,yes,DashBoard.Tab.Template,,,,,
MBE-7,MBE-7,E500-30101-D205011,WAYANG_WINDU_2021,in_scope,yes,yes,Drill.Depth.Days,,,,,
MBE-7,MBE-7,E500-30101-D205011,WAYANG_WINDU_2021,in_scope,yes,yes,General.Camp.Data,,,,,
MBE-7,MBE-7,E500-30101-D205011,WAYANG_WINDU_2021,in_scope,yes,yes,Phase.Summary,,,,,
MBE-7,MBE-7,E500-30101-D205011,WAYANG_WINDU_2021,in_scope,yes,yes,Structured.Cost,,,,,
MBI 1,MBI-1,E500-30101-D205011,WAYANG_WINDU_2021,in_scope,yes,yes,General.Camp.Data,,,,,
MBI-1,MBI-1,E500-30101-D205011,WAYANG_WINDU_2021,in_scope,yes,yes,DashBoard.Tab.Template,,,,,
MBI-1,MBI-1,E500-30101-D205011,WAYANG_WINDU_2021,in_scope,yes,yes,Drill.Depth.Days,,,,,
MBI-1,MBI-1,E500-30101-D205011,WAYANG_WINDU_2021,in_scope,yes,yes,General.Camp.Data,,,,,
MBI-1,MBI-1,E500-30101-D205011,WAYANG_WINDU_2021,in_scope,yes,yes,Phase.Summary,,,,,
MBI-1,MBI-1,E500-30101-D205011,WAYANG_WINDU_2021,in_scope,yes,yes,Structured.Cost,,,,,
SF-1,DRJ-49,,,reference,no,no,alias_catalog,Configured alias mapping,,,,
SF-1,DRJ-49,E530-30101-D225301,DARAJAT_2022,in_scope,yes,yes,alias_catalog,,,,,
SF-ML,DRJ-38,,,reference,no,no,alias_catalog,Configured alias mapping,,,,
WELL 20 01,DRJ-44,E530-30101-D19001,DARAJAT_2019,in_scope,yes,yes,General.Camp.Data,,,,,
WELL 20 02,DRJ-48,E530-30101-D19001,DARAJAT_2019,in_scope,yes,yes,General.Camp.Data,,,,,
WELL S4 01,DRJ-45,E530-30101-D19001,DARAJAT_2019,in_scope,yes,yes,General.Camp.Data,,,,,
WELL S4 02,DRJ-46,E530-30101-D19001,DARAJAT_2019,in_scope,yes,yes,General.Camp.Data,,,,,
WELL S4 03,DRJ-47,E530-30101-D19001,DARAJAT_2019,in_scope,yes,yes,General.Camp.Data,,,,,
WWA 8,WWA-8,E500-30101-D205011,WAYANG_WINDU_2021,in_scope,yes,yes,General.Camp.Data,,,,,
WWA 9,WWA-9,E500-30101-D205011,WAYANG_WINDU_2021,in_scope,yes,yes,General.Camp.Data,,,,,
WWA-8,WWA-8,E500-30101-D205011,WAYANG_WINDU_2021,in_scope,yes,yes,DashBoard.Tab.Template,,,,,
WWA-8,WWA-8,E500-30101-D205011,WAYANG_WINDU_2021,in_scope,yes,yes,Drill.Depth.Days,,,,,
WWA-8,WWA-8,E500-30101-D205011,WAYANG_WINDU_2021,in_scope,yes,yes,General.Camp.Data,,,,,
WWA-8,WWA-8,E500-30101-D205011,WAYANG_WINDU_2021,in_scope,yes,yes,Phase.Summary,,,,,
WWA-8,WWA-8,E500-30101-D205011,WAYANG_WINDU_2021,in_scope,yes,yes,Structured.Cost,,,,,
WWA-9,WWA-9,E500-30101-D205011,WAYANG_WINDU_2021,in_scope,yes,yes,DashBoard.Tab.Template,,,,,
WWA-9,WWA-9,E500-30101-D205011,WAYANG_WINDU_2021,in_scope,yes,yes,Drill.Depth.Days,,,,,
WWA-9,WWA-9,E500-30101-D205011,WAYANG_WINDU_2021,in_scope,yes,yes,General.Camp.Data,,,,,
WWA-9,WWA-9,E500-30101-D205011,WAYANG_WINDU_2021,in_scope,yes,yes,Phase.Summary,,,,,
WWA-9,WWA-9,E500-30101-D205011,WAYANG_WINDU_2021,in_scope,yes,yes,Structured.Cost,,,,,
